-- phpMyAdmin SQL Dump
-- version 5.2.1
-- https://www.phpmyadmin.net/
--
-- Host: 127.0.0.1
-- Waktu pembuatan: 25 Jul 2025 pada 15.32
-- Versi server: 10.4.32-MariaDB
-- Versi PHP: 8.2.12

SET SQL_MODE = "NO_AUTO_VALUE_ON_ZERO";
START TRANSACTION;
SET time_zone = "+00:00";


/*!40101 SET @OLD_CHARACTER_SET_CLIENT=@@CHARACTER_SET_CLIENT */;
/*!40101 SET @OLD_CHARACTER_SET_RESULTS=@@CHARACTER_SET_RESULTS */;
/*!40101 SET @OLD_COLLATION_CONNECTION=@@COLLATION_CONNECTION */;
/*!40101 SET NAMES utf8mb4 */;

--
-- Database: `gudang_db`
--

DELIMITER $$
--
-- Prosedur
--
CREATE DEFINER=`root`@`localhost` PROCEDURE `LaporanStokRendah` ()   BEGIN

    DECLARE selesai INT DEFAULT 0;
    DECLARE id_barang INT;
    DECLARE nama_barang VARCHAR(100);
    DECLARE stok_barang INT;
    

    DECLARE cur_stok_rendah CURSOR FOR 
        SELECT id, name, stock FROM items WHERE stock < 10;

    DECLARE CONTINUE HANDLER FOR NOT FOUND SET selesai = 1;

    DROP TABLE IF EXISTS LaporanStokRendah;
    CREATE TEMPORARY TABLE LaporanStokRendah (
        id_item INT,
        nama_item VARCHAR(100),
        stok_saat_ini INT,
        catatan VARCHAR(255)
    );
    
    OPEN cur_stok_rendah;

    baca_data: LOOP
        FETCH cur_stok_rendah INTO id_barang, nama_barang, stok_barang;

        IF selesai = 1 THEN
            LEAVE baca_data;
        END IF;
        INSERT INTO LaporanStokRendah VALUES (id_barang, nama_barang, stok_barang, 'Stok menipis, segera re-order!');
        
    END LOOP baca_data;
    CLOSE cur_stok_rendah;
    SELECT * FROM LaporanStokRendah;
END$$

CREATE DEFINER=`root`@`localhost` PROCEDURE `ProsesBarangKeluar` (IN `id_item_keluar` INT, IN `jumlah_keluar` INT, OUT `pesan_status` VARCHAR(255))   BEGIN
    DECLARE stok_saat_ini INT;

    -- Mengambil stok barang saat ini
    SELECT stock INTO stok_saat_ini FROM items WHERE id = id_item_keluar;
    
    -- IF sebagai control flow untuk validasi stok
    IF stok_saat_ini >= jumlah_keluar THEN
        -- Jika stok mencukupi, kurangi stok
        UPDATE items SET stock = stock - jumlah_keluar WHERE id = id_item_keluar;
        
        -- Catat ke dalam tabel log
        INSERT INTO stock_log (item_id, action, quantity) VALUES (id_item_keluar, 'OUT', jumlah_keluar);
        
        SET pesan_status = 'Transaksi berhasil: Stok barang telah diperbarui.';
    ELSE
        -- Jika stok tidak mencukupi
        SET pesan_status = 'Transaksi Gagal: Stok tidak mencukupi.';
    END IF;
END$$

CREATE DEFINER=`root`@`localhost` PROCEDURE `sp_get_total_stock` ()   BEGIN
    SELECT SUM(stock) AS total_all_stock FROM items;
END$$

--
-- Fungsi
--
CREATE DEFINER=`root`@`localhost` FUNCTION `EstimasiNilaiStok` (`id_barang` INT, `jumlah` INT) RETURNS DECIMAL(15,2) DETERMINISTIC BEGIN
    DECLARE harga_dasar DECIMAL(10, 2);
    DECLARE id_kategori INT;
    
    -- Mengambil ID kategori dari barang yang bersangkutan
    SELECT category_id INTO id_kategori FROM items WHERE id = id_barang;
    
    -- Menentukan harga dasar berdasarkan kategori
    CASE id_kategori
        WHEN 1 THEN SET harga_dasar = 5000000;  -- Elektronik
        WHEN 2 THEN SET harga_dasar = 750000;   -- Peralatan Kantor
        WHEN 3 THEN SET harga_dasar = 20000;    -- ATK
        WHEN 4 THEN SET harga_dasar = 1500000;  -- Furniture
        WHEN 5 THEN SET harga_dasar = 250000;   -- Aksesoris Komputer
        ELSE SET harga_dasar = 50000;
    END CASE;
    
    RETURN harga_dasar * jumlah;
END$$

CREATE DEFINER=`root`@`localhost` FUNCTION `HitungTotalStok` () RETURNS INT(11) DETERMINISTIC BEGIN
    DECLARE total_stok INT;
    
    SELECT SUM(stock) INTO total_stok FROM items;
    
    RETURN total_stok;
END$$

DELIMITER ;

-- --------------------------------------------------------

--
-- Struktur dari tabel `admins`
--

CREATE TABLE `admins` (
  `id` int(11) NOT NULL,
  `username` varchar(50) NOT NULL,
  `password` varchar(255) NOT NULL
) ENGINE=InnoDB DEFAULT CHARSET=utf8mb4 COLLATE=utf8mb4_general_ci;

--
-- Dumping data untuk tabel `admins`
--

INSERT INTO `admins` (`id`, `username`, `password`) VALUES
(1, 'admin1', 'admin123'),
(2, 'admin2', 'password456'),
(3, 'gudang1', 'gudangpass'),
(4, 'staff1', 'staffpwd'),
(5, 'manager', 'securepass');

-- --------------------------------------------------------

--
-- Struktur dari tabel `cache`
--

CREATE TABLE `cache` (
  `key` varchar(255) NOT NULL,
  `value` mediumtext NOT NULL,
  `expiration` int(11) NOT NULL
) ENGINE=InnoDB DEFAULT CHARSET=utf8mb4 COLLATE=utf8mb4_unicode_ci;

-- --------------------------------------------------------

--
-- Struktur dari tabel `cache_locks`
--

CREATE TABLE `cache_locks` (
  `key` varchar(255) NOT NULL,
  `owner` varchar(255) NOT NULL,
  `expiration` int(11) NOT NULL
) ENGINE=InnoDB DEFAULT CHARSET=utf8mb4 COLLATE=utf8mb4_unicode_ci;

-- --------------------------------------------------------

--
-- Struktur dari tabel `categories`
--

CREATE TABLE `categories` (
  `id` int(11) NOT NULL,
  `name` varchar(100) NOT NULL
) ENGINE=InnoDB DEFAULT CHARSET=utf8mb4 COLLATE=utf8mb4_general_ci;

--
-- Dumping data untuk tabel `categories`
--

INSERT INTO `categories` (`id`, `name`) VALUES
(1, 'Elektronikk'),
(2, 'Peralatan Kantor'),
(3, 'ATK'),
(4, 'Furniture'),
(5, 'Aksesoris Komputer'),
(6, 'Plastik');

--
-- Trigger `categories`
--
DELIMITER $$
CREATE TRIGGER `CegahHapusKategori` BEFORE DELETE ON `categories` FOR EACH ROW BEGIN
    DECLARE jumlah_item INT;
    
    SELECT COUNT(*) INTO jumlah_item FROM items WHERE category_id = OLD.id;

    IF jumlah_item > 0 THEN
        SIGNAL SQLSTATE '45000'
        SET MESSAGE_TEXT = 'Gagal menghapus: Kategori ini masih memiliki item terkait.';
    END IF;
END
$$
DELIMITER ;

-- --------------------------------------------------------

--
-- Struktur dari tabel `failed_jobs`
--

CREATE TABLE `failed_jobs` (
  `id` bigint(20) UNSIGNED NOT NULL,
  `uuid` varchar(255) NOT NULL,
  `connection` text NOT NULL,
  `queue` text NOT NULL,
  `payload` longtext NOT NULL,
  `exception` longtext NOT NULL,
  `failed_at` timestamp NOT NULL DEFAULT current_timestamp()
) ENGINE=InnoDB DEFAULT CHARSET=utf8mb4 COLLATE=utf8mb4_unicode_ci;

-- --------------------------------------------------------

--
-- Struktur dari tabel `items`
--

CREATE TABLE `items` (
  `id` int(11) NOT NULL,
  `name` varchar(100) NOT NULL,
  `category_id` int(11) DEFAULT NULL,
  `supplier_id` int(11) DEFAULT NULL,
  `stock` int(11) DEFAULT 0
) ENGINE=InnoDB DEFAULT CHARSET=utf8mb4 COLLATE=utf8mb4_general_ci;

--
-- Dumping data untuk tabel `items`
--

INSERT INTO `items` (`id`, `name`, `category_id`, `supplier_id`, `stock`) VALUES
(1, 'Laptop Lenovo Thinkpad', 1, 1, 7),
(2, 'Printer Canon', 2, 2, 12),
(3, 'Pulpen Pilot', 3, 3, 200),
(4, 'Meja Kantor', 4, 4, 10),
(5, 'Keyboard Logitech', 5, 5, 35),
(6, 'ducimus quam omnis', 2, 3, 241),
(7, 'sed excepturi et', 1, 2, 429),
(8, 'tempore assumenda velit', 1, 4, 55),
(9, 'assumenda doloribus in', 5, 4, 462),
(10, 'aut mollitia impedit', 2, 1, 463),
(11, 'exercitationem nesciunt aspernatur', 4, 3, 349),
(12, 'laborum vel ut', 4, 1, 398),
(13, 'enim provident id', 2, 3, 142),
(14, 'dolorum aliquam ullam', 3, 5, 187),
(15, 'deserunt pariatur in', 1, 4, 153),
(16, 'error in voluptatibus', 4, 3, 165),
(17, 'quia adipisci maiores', 2, 4, 226),
(18, 'ipsum sit facilis', 4, 4, 202),
(19, 'est iusto quod', 3, 3, 177),
(20, 'temporibus odit ipsa', 4, 2, 449),
(21, 'illo officiis velit', 3, 3, 252),
(22, 'quae rerum sit', 3, 2, 221),
(23, 'saepe eos ut', 4, 2, 240),
(24, 'facilis minus debitis', 4, 2, 60),
(25, 'et temporibus in', 4, 4, 390),
(26, 'nesciunt recusandae enim', 3, 2, 462),
(27, 'pariatur aspernatur vero', 1, 3, 500),
(28, 'voluptatem repudiandae harum', 2, 5, 280),
(29, 'neque error expedita', 3, 2, 25),
(30, 'nobis eum sapiente', 5, 5, 164),
(31, 'eum voluptas dolores', 5, 2, 338),
(32, 'laudantium delectus sint', 5, 4, 340),
(33, 'quibusdam libero fugiat', 5, 3, 451),
(34, 'fugit pariatur quia', 5, 2, 50),
(35, 'et atque perferendis', 1, 2, 245),
(36, 'soluta eius id', 2, 4, 345),
(37, 'aperiam sit adipisci', 5, 1, 220),
(38, 'porro id voluptatem', 2, 2, 102),
(39, 'rerum voluptatum facere', 5, 3, 488),
(40, 'fugit blanditiis dignissimos', 5, 5, 249),
(41, 'aut consequatur culpa', 4, 5, 58),
(42, 'sit unde dolorum', 4, 2, 278),
(43, 'deleniti eveniet eum', 5, 4, 295),
(44, 'ut enim illo', 3, 4, 244),
(45, 'molestias ut impedit', 5, 2, 96),
(46, 'et necessitatibus dolor', 5, 4, 101),
(47, 'expedita ratione sit', 4, 5, 394),
(48, 'iure id nostrum', 2, 3, 269),
(49, 'numquam maiores alias', 2, 5, 54),
(50, 'consequatur ducimus autem', 5, 5, 166),
(51, 'similique nulla nam', 1, 1, 325),
(52, 'exercitationem neque quis', 3, 3, 446),
(53, 'consequuntur autem quo', 3, 5, 438),
(54, 'placeat repudiandae voluptatem', 2, 4, 193),
(55, 'quisquam vero ea', 5, 2, 269),
(56, 'necessitatibus excepturi laboriosam', 4, 4, 442),
(57, 'mollitia repellat pariatur', 5, 1, 429),
(58, 'eos accusantium est', 1, 4, 68),
(59, 'facere nam voluptatem', 1, 2, 380),
(60, 'ipsa ad ipsam', 4, 4, 59),
(61, 'modi aspernatur voluptates', 4, 5, 122),
(62, 'modi veniam neque', 3, 5, 421),
(63, 'tempora qui enim', 3, 1, 391),
(64, 'quas ab odit', 4, 4, 462),
(65, 'molestiae debitis voluptatem', 4, 4, 382),
(66, 'iste qui porro', 1, 3, 192),
(67, 'soluta sit nihil', 3, 1, 472),
(68, 'ex quasi quo', 3, 5, 271),
(69, 'ex et porro', 5, 2, 169),
(70, 'quo libero quia', 1, 5, 18),
(71, 'et libero rem', 2, 4, 289),
(72, 'error nobis at', 2, 4, 79),
(73, 'quia laborum sunt', 1, 1, 342),
(74, 'quam et voluptas', 3, 1, 245),
(75, 'iusto sapiente quia', 3, 3, 270),
(76, 'libero qui rerum', 2, 3, 193),
(77, 'ut consequatur inventore', 1, 3, 7),
(78, 'iusto assumenda doloribus', 5, 3, 11),
(79, 'eius quisquam similique', 4, 4, 295),
(80, 'placeat aut laudantium', 1, 4, 49),
(81, 'ut dignissimos illo', 3, 5, 306),
(82, 'voluptatibus quam sit', 2, 5, 495),
(83, 'nisi suscipit sit', 4, 2, 274),
(84, 'incidunt deserunt autem', 2, 2, 157),
(85, 'asperiores repellendus consequatur', 5, 2, 82),
(86, 'sint molestias nihil', 2, 3, 200),
(87, 'quia ipsum sint', 2, 2, 359),
(88, 'molestiae inventore totam', 5, 3, 409),
(89, 'culpa et ea', 3, 5, 213),
(90, 'minus animi autem', 5, 2, 346),
(91, 'dolorem molestias doloremque', 5, 5, 66),
(92, 'itaque alias placeat', 2, 4, 215),
(93, 'possimus et rem', 5, 1, 262),
(94, 'dolorem eligendi quae', 1, 4, 456),
(95, 'rem minima blanditiis', 3, 4, 361),
(96, 'earum corrupti eaque', 2, 3, 384),
(97, 'nesciunt unde ut', 1, 5, 99),
(98, 'aut deserunt voluptatem', 1, 4, 217),
(99, 'excepturi qui eligendi', 1, 2, 183),
(100, 'inventore saepe aut', 1, 2, 287),
(101, 'omnis velit commodi', 2, 1, 37),
(102, 'labore fugit qui', 3, 2, 214),
(103, 'deserunt qui optio', 3, 4, 407),
(104, 'magnam ex ratione', 3, 5, 250),
(105, 'impedit vel magnam', 1, 5, 204),
(106, 'iure veniam fugit', 3, 1, 109),
(107, 'recusandae ut minima', 3, 2, 381),
(108, 'molestiae ab et', 1, 4, 462),
(109, 'accusantium placeat ipsam', 3, 3, 144),
(110, 'maxime sed unde', 5, 2, 316),
(111, 'eum cupiditate tenetur', 1, 1, 168),
(112, 'autem aut voluptatem', 2, 3, 404),
(113, 'et et et', 5, 2, 59),
(114, 'commodi eos cupiditate', 3, 5, 355),
(115, 'nesciunt sint quia', 1, 2, 20),
(116, 'quas quia porro', 1, 3, 498),
(117, 'magnam molestiae debitis', 5, 5, 82),
(118, 'ut molestias optio', 4, 3, 129),
(119, 'dolor at nihil', 4, 1, 251),
(120, 'omnis deserunt eveniet', 3, 2, 66),
(121, 'aut aliquam culpa', 4, 3, 317),
(122, 'nam dolorem iste', 4, 3, 48),
(123, 'ab ut aut', 4, 2, 444),
(124, 'quibusdam assumenda consequatur', 4, 3, 6),
(125, 'hic officiis dolor', 1, 4, 247),
(126, 'aut voluptates porro', 2, 3, 462),
(127, 'qui enim enim', 5, 5, 11),
(128, 'molestias perferendis perspiciatis', 5, 4, 152),
(129, 'nihil at cum', 5, 3, 71),
(130, 'nam qui consequuntur', 3, 2, 313),
(131, 'eos sit suscipit', 5, 3, 435),
(132, 'voluptatem non illum', 4, 5, 152),
(133, 'corporis enim ducimus', 3, 3, 19),
(134, 'quisquam iure doloremque', 3, 4, 401),
(135, 'nostrum voluptate error', 4, 4, 313),
(136, 'voluptas animi deserunt', 4, 3, 456),
(137, 'ullam recusandae sint', 2, 1, 164),
(138, 'provident et blanditiis', 2, 2, 37),
(139, 'consectetur dolor inventore', 1, 3, 112),
(140, 'voluptatem soluta tempore', 1, 5, 69),
(141, 'est omnis exercitationem', 3, 2, 417),
(142, 'perspiciatis dolores dolores', 4, 4, 449),
(143, 'qui quam aliquid', 3, 4, 475),
(144, 'amet omnis saepe', 1, 5, 187),
(145, 'et qui eius', 1, 5, 347),
(146, 'quia cupiditate exercitationem', 4, 2, 388),
(147, 'aspernatur explicabo possimus', 1, 2, 281),
(148, 'hic minus omnis', 4, 3, 473),
(149, 'qui non nihil', 1, 4, 174),
(150, 'illo veniam ipsa', 4, 1, 130),
(151, 'est et reiciendis', 4, 3, 493),
(152, 'pariatur vel ea', 2, 5, 376),
(153, 'veritatis dolores culpa', 2, 2, 494),
(154, 'quo iusto natus', 2, 5, 441),
(155, 'qui sint maiores', 5, 2, 19),
(156, 'sint voluptas repellendus', 1, 4, 131),
(157, 'quasi ratione aperiam', 1, 3, 361),
(158, 'et voluptatem sit', 5, 3, 397),
(159, 'nemo accusamus incidunt', 3, 4, 20),
(160, 'voluptatibus distinctio cum', 4, 2, 9),
(161, 'blanditiis voluptatibus sed', 4, 1, 489),
(162, 'laborum cumque tenetur', 2, 4, 451),
(163, 'est sunt perspiciatis', 2, 3, 380),
(164, 'eum quidem numquam', 1, 2, 418),
(165, 'voluptatem et commodi', 4, 3, 377),
(166, 'accusantium sint qui', 3, 5, 220),
(167, 'distinctio consequuntur numquam', 4, 2, 254),
(168, 'occaecati doloribus ea', 2, 4, 66),
(169, 'enim et quibusdam', 5, 3, 327),
(170, 'sapiente dolor occaecati', 2, 4, 99),
(171, 'non non architecto', 5, 2, 298),
(172, 'odio animi nulla', 4, 1, 471),
(173, 'rerum ad sint', 5, 4, 483),
(174, 'odio quod aspernatur', 4, 2, 89),
(175, 'commodi inventore sequi', 5, 3, 475),
(176, 'sit voluptatem neque', 4, 2, 173),
(177, 'consequatur quod vitae', 1, 4, 458),
(178, 'dignissimos accusantium incidunt', 4, 5, 109),
(179, 'sapiente quis nihil', 1, 3, 173),
(180, 'iste sed non', 5, 5, 32),
(181, 'inventore iste et', 4, 4, 20),
(182, 'eius voluptatem explicabo', 4, 5, 38),
(183, 'quaerat amet molestiae', 5, 4, 39),
(184, 'est maiores voluptatibus', 1, 1, 403),
(185, 'sint sunt sit', 4, 3, 199),
(186, 'quia necessitatibus sit', 5, 1, 12),
(187, 'quia exercitationem esse', 2, 5, 293),
(188, 'veritatis libero temporibus', 5, 4, 341),
(189, 'illum et magnam', 4, 4, 370),
(190, 'qui odit illum', 1, 2, 219),
(191, 'eaque quia enim', 2, 5, 289),
(192, 'sunt non ratione', 2, 5, 434),
(193, 'sapiente repudiandae quam', 4, 1, 307),
(194, 'ad sit voluptates', 5, 4, 285),
(195, 'aliquid eveniet ut', 1, 5, 463),
(196, 'non tempora voluptatem', 1, 3, 189),
(197, 'consequatur itaque et', 5, 3, 328),
(198, 'ducimus omnis nemo', 4, 3, 461),
(199, 'sunt minima libero', 4, 3, 74),
(200, 'veritatis laborum eos', 2, 4, 333),
(201, 'et unde nemo', 3, 1, 33),
(202, 'dolores tenetur cumque', 3, 2, 389),
(203, 'blanditiis fugit enim', 2, 5, 313),
(204, 'asperiores assumenda rerum', 4, 1, 280),
(205, 'perspiciatis nihil tempora', 3, 3, 23),
(206, 'sint corrupti expedita', 1, 2, 281),
(207, 'rerum ut dolorem', 3, 1, 208),
(208, 'voluptas qui et', 5, 5, 120),
(209, 'molestiae est ad', 4, 1, 322),
(210, 'sed in dolor', 2, 1, 492),
(211, 'et nostrum dolorem', 3, 2, 355),
(212, 'impedit est ex', 3, 5, 190),
(213, 'nihil repellendus officia', 4, 3, 9),
(214, 'ut suscipit aut', 5, 5, 406),
(215, 'est facilis laudantium', 4, 1, 317),
(216, 'nihil accusamus sit', 2, 1, 389),
(217, 'quos accusantium et', 3, 1, 4),
(218, 'qui ullam perspiciatis', 1, 5, 209),
(219, 'debitis aliquam doloremque', 5, 1, 283),
(220, 'ullam tenetur quos', 3, 4, 361),
(221, 'ea alias qui', 5, 5, 154),
(222, 'sunt dolorem enim', 5, 4, 441),
(223, 'sint quisquam aperiam', 3, 4, 111),
(224, 'dolore harum sint', 5, 5, 219),
(225, 'repellat eaque nihil', 4, 5, 63),
(226, 'deleniti iste expedita', 3, 3, 308),
(227, 'consequuntur est unde', 2, 3, 48),
(228, 'eos unde ipsa', 4, 1, 54),
(229, 'delectus voluptatem in', 1, 2, 228),
(230, 'quam illum voluptatem', 4, 1, 420),
(231, 'voluptatibus quia non', 1, 5, 496),
(232, 'at repellendus dolores', 1, 1, 98),
(233, 'consequatur commodi voluptatem', 1, 4, 67),
(234, 'consequuntur excepturi nihil', 5, 5, 331),
(235, 'id eveniet eligendi', 1, 5, 451),
(236, 'rerum laborum et', 1, 4, 239),
(237, 'animi error ex', 2, 2, 431),
(238, 'voluptas id voluptatum', 2, 1, 366),
(239, 'qui eum qui', 2, 3, 119),
(240, 'consequatur temporibus porro', 3, 2, 467),
(241, 'sed modi dolores', 4, 2, 172),
(242, 'totam sunt aut', 2, 1, 76),
(243, 'molestiae tempore voluptate', 5, 2, 56),
(244, 'hic et et', 5, 1, 424),
(245, 'et quia ipsum', 1, 3, 271),
(246, 'tempora voluptatibus vitae', 1, 2, 34),
(247, 'quo qui qui', 2, 1, 230),
(248, 'enim ut repellat', 5, 2, 468),
(249, 'eos dolores at', 5, 4, 7),
(250, 'quia est enim', 4, 5, 481),
(251, 'odit dolorem et', 3, 2, 165),
(252, 'asperiores at sint', 2, 2, 478),
(253, 'debitis et nostrum', 1, 5, 298),
(254, 'nisi eaque ipsum', 2, 2, 159),
(255, 'quibusdam dolore est', 1, 4, 486),
(256, 'et quisquam omnis', 2, 4, 457),
(257, 'blanditiis dolores ut', 4, 4, 113),
(258, 'sit assumenda labore', 4, 5, 242),
(259, 'sit provident doloremque', 4, 4, 445),
(260, 'modi nobis ut', 1, 1, 316),
(261, 'iusto distinctio temporibus', 3, 3, 485),
(262, 'totam iste omnis', 5, 5, 33),
(263, 'deserunt repudiandae magni', 2, 5, 268),
(264, 'deserunt ut eligendi', 3, 1, 130),
(265, 'et sed officiis', 4, 3, 333),
(266, 'architecto et recusandae', 1, 3, 368),
(267, 'qui eveniet enim', 2, 1, 43),
(268, 'expedita et aut', 5, 3, 63),
(269, 'cum accusamus quas', 3, 2, 389),
(270, 'ut facere aliquid', 5, 3, 384),
(271, 'quos recusandae repudiandae', 4, 2, 218),
(272, 'molestiae consectetur ut', 3, 1, 359),
(273, 'rerum asperiores inventore', 5, 4, 438),
(274, 'dolores facilis dolores', 1, 3, 211),
(275, 'voluptas corrupti voluptates', 2, 3, 185),
(276, 'non recusandae similique', 3, 4, 211),
(277, 'sint ratione beatae', 1, 5, 65),
(278, 'beatae qui ut', 2, 1, 101),
(279, 'dicta eos reprehenderit', 5, 3, 83),
(280, 'id voluptas reiciendis', 4, 5, 104),
(281, 'qui illo qui', 4, 4, 197),
(282, 'officia tempora voluptas', 1, 1, 365),
(283, 'omnis optio quia', 1, 4, 84),
(284, 'id similique natus', 4, 4, 134),
(285, 'vitae voluptas rerum', 5, 4, 5),
(286, 'ipsum necessitatibus est', 5, 2, 97),
(287, 'itaque et qui', 4, 1, 82),
(288, 'id aut voluptas', 4, 1, 81),
(289, 'quae officia blanditiis', 3, 5, 331),
(290, 'voluptatum quod eum', 4, 3, 430),
(291, 'sit amet sit', 2, 2, 233),
(292, 'ea tempore excepturi', 1, 4, 57),
(293, 'molestiae voluptatem unde', 3, 5, 145),
(294, 'aut quibusdam molestiae', 4, 5, 179),
(295, 'assumenda et quo', 3, 1, 358),
(296, 'occaecati quam sit', 2, 2, 459),
(297, 'soluta sed doloribus', 2, 3, 336),
(298, 'voluptatem optio dolor', 3, 1, 3),
(299, 'dolorem delectus modi', 3, 3, 388),
(300, 'est commodi itaque', 5, 5, 321),
(301, 'illo commodi excepturi', 2, 2, 428),
(302, 'et reprehenderit est', 4, 4, 282),
(303, 'enim sapiente ullam', 5, 3, 386),
(304, 'expedita autem cupiditate', 3, 1, 230),
(305, 'amet dicta aut', 5, 4, 361),
(306, 'et deleniti dolore', 5, 1, 349),
(307, 'rerum aliquam nostrum', 1, 1, 103),
(308, 'debitis ullam voluptatibus', 2, 5, 178),
(309, 'rem id mollitia', 2, 3, 26),
(310, 'qui omnis beatae', 5, 3, 35),
(311, 'repellat soluta nisi', 1, 1, 403),
(312, 'saepe quia sapiente', 2, 5, 489),
(313, 'labore aut quo', 2, 3, 439),
(314, 'id et quis', 3, 4, 417),
(315, 'fuga necessitatibus praesentium', 3, 4, 211),
(316, 'voluptatem est suscipit', 3, 1, 441),
(317, 'nihil saepe quisquam', 3, 5, 401),
(318, 'reiciendis magnam saepe', 1, 3, 202),
(319, 'ut quae aliquid', 2, 1, 475),
(320, 'aperiam est exercitationem', 3, 4, 434),
(321, 'dolore sit laborum', 2, 4, 52),
(322, 'ratione et aperiam', 5, 2, 324),
(323, 'quia non qui', 3, 3, 213),
(324, 'sit aut modi', 2, 3, 406),
(325, 'natus natus provident', 5, 2, 471),
(326, 'sequi ut quas', 5, 1, 476),
(327, 'iste aut iste', 3, 2, 228),
(328, 'nobis quae porro', 3, 4, 483),
(329, 'nisi animi sunt', 4, 5, 419),
(330, 'error explicabo officiis', 4, 4, 461),
(331, 'explicabo blanditiis a', 4, 5, 67),
(332, 'cum et non', 1, 1, 257),
(333, 'quibusdam consequatur unde', 1, 1, 352),
(334, 'est est est', 5, 4, 386),
(335, 'magnam tempora quia', 4, 2, 212),
(336, 'itaque recusandae consectetur', 2, 5, 3),
(337, 'sit explicabo reiciendis', 1, 5, 415),
(338, 'praesentium totam placeat', 5, 5, 358),
(339, 'nesciunt unde sint', 4, 3, 265),
(340, 'et reprehenderit provident', 1, 2, 495),
(341, 'laborum ipsum ut', 5, 2, 39),
(342, 'cumque sapiente ipsum', 2, 3, 151),
(343, 'ea qui sint', 3, 1, 268),
(344, 'velit error iure', 1, 5, 297),
(345, 'odio ea omnis', 2, 4, 172),
(346, 'sit est recusandae', 5, 3, 268),
(347, 'est blanditiis temporibus', 3, 3, 269),
(348, 'quo suscipit omnis', 2, 5, 482),
(349, 'libero velit quae', 2, 5, 32),
(350, 'quisquam aliquam dicta', 4, 5, 147),
(351, 'omnis deserunt temporibus', 4, 1, 355),
(352, 'veritatis dolores et', 3, 4, 468),
(353, 'deleniti id error', 4, 3, 210),
(354, 'dicta et et', 2, 5, 431),
(355, 'nihil ad omnis', 4, 4, 438),
(356, 'quos impedit et', 2, 5, 227),
(357, 'dolorum sunt suscipit', 3, 4, 370),
(358, 'velit aut minus', 3, 4, 223),
(359, 'dolore nam vitae', 4, 3, 367),
(360, 'ratione rerum quas', 4, 5, 25),
(361, 'et magnam dolore', 2, 4, 465),
(362, 'saepe deserunt velit', 2, 4, 266),
(363, 'libero ex facilis', 1, 1, 150),
(364, 'rem esse doloremque', 5, 4, 387),
(365, 'accusantium et officiis', 3, 5, 321),
(366, 'eum aut ut', 1, 3, 310),
(367, 'ullam quos quia', 2, 3, 343),
(368, 'similique vero provident', 5, 2, 11),
(369, 'a eveniet qui', 5, 5, 193),
(370, 'doloremque et voluptas', 4, 2, 451),
(371, 'neque eaque doloremque', 3, 5, 102),
(372, 'id qui qui', 2, 4, 388),
(373, 'recusandae et voluptatem', 3, 1, 67),
(374, 'et delectus iste', 5, 4, 110),
(375, 'ut velit sit', 3, 5, 30),
(376, 'nihil eos est', 4, 5, 439),
(377, 'amet aut dolor', 3, 4, 213),
(378, 'quidem omnis corrupti', 4, 3, 12),
(379, 'assumenda et quidem', 3, 5, 322),
(380, 'sed repellendus repellat', 3, 5, 430),
(381, 'cupiditate dolorem assumenda', 3, 3, 374),
(382, 'aliquam corporis distinctio', 3, 3, 296),
(383, 'rerum autem unde', 3, 1, 197),
(384, 'nobis aliquid neque', 2, 1, 251),
(385, 'voluptatum doloremque rerum', 4, 1, 386),
(386, 'maxime reprehenderit autem', 4, 1, 3),
(387, 'dicta quia aspernatur', 3, 5, 64),
(388, 'beatae sapiente ea', 3, 1, 255),
(389, 'odit modi voluptatum', 2, 1, 173),
(390, 'ullam sed aut', 5, 5, 470),
(391, 'natus eos nemo', 2, 3, 448),
(392, 'voluptate quo doloremque', 2, 5, 406),
(393, 'nemo quos ut', 3, 4, 482),
(394, 'veritatis debitis id', 2, 5, 230),
(395, 'voluptas quia adipisci', 3, 5, 141),
(396, 'quo harum provident', 5, 3, 175),
(397, 'aut totam labore', 5, 4, 120),
(398, 'ut provident aperiam', 3, 4, 195),
(399, 'sapiente ducimus aut', 5, 2, 55),
(400, 'nisi molestias libero', 5, 1, 85),
(401, 'qui et voluptas', 1, 5, 365),
(402, 'ullam autem exercitationem', 5, 1, 207),
(403, 'corrupti mollitia id', 1, 5, 103),
(404, 'dolores earum rem', 4, 4, 411),
(405, 'at consequatur et', 4, 1, 274),
(406, 'est eligendi et', 1, 3, 310),
(407, 'cumque sit placeat', 4, 2, 488),
(408, 'aut ut natus', 2, 3, 392),
(409, 'saepe ipsam nam', 2, 1, 470),
(410, 'rerum natus laudantium', 1, 4, 181),
(411, 'aut impedit quia', 4, 5, 470),
(412, 'debitis quia voluptatem', 4, 2, 237),
(413, 'rerum quia id', 1, 3, 398),
(414, 'dolorem impedit et', 2, 1, 299),
(415, 'vel adipisci blanditiis', 4, 3, 344),
(416, 'repudiandae quia officia', 5, 2, 207),
(417, 'et labore impedit', 3, 3, 463),
(418, 'eos iste ut', 4, 3, 230),
(419, 'non consequatur ut', 4, 3, 147),
(420, 'nobis molestias et', 3, 2, 194),
(421, 'et eaque vel', 2, 1, 192),
(422, 'iure sunt non', 3, 4, 113),
(423, 'illo sint illum', 3, 4, 153),
(424, 'quaerat est repellendus', 4, 3, 22),
(425, 'consequatur qui autem', 5, 1, 26),
(426, 'voluptatibus sit eveniet', 3, 5, 148),
(427, 'est est vitae', 3, 1, 176),
(428, 'enim quidem at', 3, 5, 107),
(429, 'aliquam earum facere', 5, 3, 445),
(430, 'necessitatibus dolores ut', 5, 3, 147),
(431, 'necessitatibus commodi ratione', 3, 2, 120),
(432, 'quam quia itaque', 4, 4, 17),
(433, 'blanditiis aliquam deserunt', 2, 5, 272),
(434, 'dolorum quis est', 4, 5, 109),
(435, 'repellendus qui consequuntur', 2, 4, 66),
(436, 'est itaque est', 2, 2, 155),
(437, 'omnis est sapiente', 5, 4, 435),
(438, 'vel sed dignissimos', 4, 5, 493),
(439, 'est ea possimus', 3, 1, 347),
(440, 'et aspernatur sunt', 1, 2, 158),
(441, 'laboriosam nihil sunt', 2, 2, 498),
(442, 'deserunt quo aliquam', 4, 4, 455),
(443, 'tempora et dolor', 3, 2, 97),
(444, 'accusamus nihil vero', 4, 3, 288),
(445, 'sed sit et', 5, 3, 8),
(446, 'dolor sit sed', 4, 2, 307),
(447, 'assumenda impedit quas', 2, 3, 264),
(448, 'minima aut debitis', 5, 1, 195),
(449, 'ab et culpa', 5, 2, 159),
(450, 'ut omnis maxime', 2, 4, 264),
(451, 'quam omnis debitis', 4, 5, 233),
(452, 'excepturi sit sapiente', 3, 5, 78),
(453, 'necessitatibus veritatis qui', 2, 4, 415),
(454, 'maxime magni autem', 4, 2, 267),
(455, 'assumenda quaerat consequuntur', 1, 4, 217),
(456, 'recusandae iusto labore', 5, 5, 404),
(457, 'neque explicabo dolorum', 3, 4, 66),
(458, 'vel veniam omnis', 3, 2, 187),
(459, 'natus dolorem modi', 1, 1, 60),
(460, 'nesciunt ea placeat', 1, 2, 53),
(461, 'eos dicta eius', 3, 1, 51),
(462, 'est quo natus', 2, 1, 144),
(463, 'excepturi temporibus dolore', 1, 3, 184),
(464, 'sed incidunt culpa', 4, 5, 383),
(465, 'odit dolorum illo', 1, 2, 405),
(466, 'mollitia est aut', 2, 3, 225),
(467, 'iure nulla ad', 5, 1, 141),
(468, 'dolores accusamus illum', 4, 5, 300),
(469, 'animi vel voluptate', 4, 3, 330),
(470, 'ipsam nostrum porro', 4, 3, 228),
(471, 'numquam assumenda amet', 1, 5, 486),
(472, 'cumque vel corporis', 1, 5, 11),
(473, 'officia architecto molestias', 1, 1, 216),
(474, 'minus nisi molestias', 1, 5, 12),
(475, 'ipsam voluptas deserunt', 2, 3, 84),
(476, 'rem et tenetur', 4, 1, 334),
(477, 'officiis et autem', 3, 3, 263),
(478, 'voluptas aut placeat', 2, 1, 411),
(479, 'voluptatem at et', 1, 4, 19),
(480, 'fuga consequatur provident', 3, 2, 347),
(481, 'in soluta deserunt', 3, 2, 391),
(482, 'qui et ut', 4, 1, 361),
(483, 'quibusdam et dolorum', 2, 2, 81),
(484, 'iusto ex quo', 1, 1, 178),
(485, 'mollitia sunt impedit', 4, 4, 34),
(486, 'tempore deserunt aliquam', 5, 3, 400),
(487, 'ipsa est possimus', 3, 3, 426),
(488, 'dolorum commodi omnis', 4, 4, 195),
(489, 'hic non pariatur', 2, 1, 156),
(490, 'tempore fugit consequatur', 1, 4, 160),
(491, 'vero voluptatum natus', 3, 4, 481),
(492, 'porro quisquam rerum', 4, 1, 27),
(493, 'in est distinctio', 4, 1, 408),
(494, 'velit autem nihil', 5, 5, 316),
(495, 'sit sunt quis', 5, 1, 423),
(496, 'facilis natus assumenda', 4, 5, 279),
(497, 'et quia officiis', 1, 1, 297),
(498, 'quasi adipisci non', 4, 1, 492),
(499, 'eligendi quis illum', 2, 2, 390),
(500, 'non doloremque vel', 3, 1, 187),
(501, 'deserunt dicta laboriosam', 5, 5, 429),
(502, 'maxime unde exercitationem', 3, 5, 193),
(503, 'molestias est qui', 2, 3, 102),
(504, 'eum doloribus aut', 3, 1, 500),
(505, 'tempora repellat quam', 3, 1, 216),
(506, 'aliquid sed sunt', 1, 2, 490),
(507, 'quod aut sit', 5, 4, 80),
(508, 'magni ea eos', 4, 1, 192),
(509, 'voluptatem esse assumenda', 5, 5, 274),
(510, 'quas qui fugiat', 2, 2, 44),
(511, 'magni atque veritatis', 4, 5, 430),
(512, 'quas atque ipsum', 2, 5, 439),
(513, 'harum vel harum', 5, 1, 483),
(514, 'sint neque culpa', 5, 3, 153),
(515, 'ut nesciunt et', 2, 5, 62),
(516, 'voluptates rerum et', 2, 1, 234),
(517, 'quia nihil nam', 5, 3, 195),
(518, 'perspiciatis deleniti ea', 5, 1, 97),
(519, 'hic at saepe', 3, 4, 9),
(520, 'quidem facilis fuga', 4, 3, 481),
(521, 'sit a modi', 1, 2, 249),
(522, 'laboriosam est sed', 5, 2, 14),
(523, 'ipsa natus quia', 5, 4, 454),
(524, 'officiis quam est', 2, 2, 137),
(525, 'nihil omnis voluptate', 4, 4, 268),
(526, 'quam officia qui', 3, 3, 219),
(527, 'et praesentium doloribus', 4, 4, 95),
(528, 'hic aut commodi', 1, 5, 12),
(529, 'perferendis totam est', 3, 1, 282),
(530, 'consequatur iusto eos', 5, 3, 458),
(531, 'debitis sit rerum', 3, 3, 288),
(532, 'nemo error quam', 4, 1, 414),
(533, 'consequatur et porro', 1, 5, 488),
(534, 'debitis voluptas delectus', 3, 2, 374),
(535, 'ipsum voluptatibus alias', 5, 1, 226),
(536, 'et temporibus libero', 3, 5, 402),
(537, 'omnis aliquam modi', 1, 1, 457),
(538, 'voluptate exercitationem fugiat', 3, 1, 11),
(539, 'ut dignissimos labore', 2, 4, 56),
(540, 'enim ullam exercitationem', 2, 4, 144),
(541, 'consequatur ipsum corrupti', 2, 3, 327),
(542, 'et et laboriosam', 2, 2, 138),
(543, 'eum est laboriosam', 2, 1, 164),
(544, 'cumque aspernatur incidunt', 2, 4, 439),
(545, 'molestiae ad incidunt', 3, 5, 246),
(546, 'explicabo dolores saepe', 1, 5, 249),
(547, 'consequuntur error in', 4, 4, 322),
(548, 'itaque libero impedit', 2, 4, 313),
(549, 'voluptas laborum quaerat', 3, 5, 54),
(550, 'nulla numquam officiis', 4, 3, 99),
(551, 'sunt aut ab', 4, 5, 176),
(552, 'dolorem officia eum', 4, 5, 437),
(553, 'nostrum et culpa', 4, 1, 341),
(554, 'nobis odio nam', 5, 4, 316),
(555, 'magnam aspernatur alias', 4, 5, 258),
(556, 'quo inventore quia', 3, 5, 141),
(557, 'ut sint sapiente', 4, 4, 436),
(558, 'veniam voluptatem quam', 2, 5, 282),
(559, 'quibusdam nobis exercitationem', 3, 4, 75),
(560, 'eum facilis nisi', 1, 4, 270),
(561, 'non est quisquam', 2, 4, 89),
(562, 'esse sequi fugiat', 4, 4, 336),
(563, 'enim omnis iure', 4, 1, 288),
(564, 'rerum facilis sequi', 1, 3, 4),
(565, 'ipsum aliquid deleniti', 3, 4, 254),
(566, 'omnis alias quos', 2, 2, 395),
(567, 'iste voluptatem culpa', 4, 5, 84),
(568, 'aperiam quia officiis', 5, 3, 136),
(569, 'laborum quia quia', 2, 3, 165),
(570, 'vel ratione non', 2, 5, 163),
(571, 'minus iste repellat', 1, 1, 140),
(572, 'nihil ratione ut', 3, 2, 481),
(573, 'ut ea enim', 3, 5, 429),
(574, 'iure omnis dolor', 2, 1, 186),
(575, 'asperiores nulla labore', 2, 4, 47),
(576, 'ipsum eaque dicta', 3, 2, 412),
(577, 'voluptate magnam id', 3, 3, 340),
(578, 'laboriosam corporis distinctio', 5, 3, 222),
(579, 'aliquid in omnis', 1, 2, 179),
(580, 'ad animi ut', 5, 5, 424),
(581, 'quo autem officiis', 1, 2, 151),
(582, 'quos possimus ex', 4, 1, 67),
(583, 'est cum et', 5, 4, 213),
(584, 'reprehenderit dolore nam', 3, 3, 187),
(585, 'ipsum et eaque', 3, 3, 385),
(586, 'tenetur nisi minus', 4, 1, 174),
(587, 'nemo rerum cum', 1, 2, 104),
(588, 'error enim ea', 2, 2, 5),
(589, 'non debitis occaecati', 5, 2, 479),
(590, 'perferendis voluptatem odit', 5, 2, 184),
(591, 'aut libero repudiandae', 4, 5, 73),
(592, 'voluptas voluptatem optio', 1, 1, 371),
(593, 'in voluptatem sapiente', 4, 5, 66),
(594, 'quis dolores est', 2, 5, 80),
(595, 'non dolorem recusandae', 1, 4, 400),
(596, 'amet alias tempora', 5, 5, 211),
(597, 'perspiciatis est est', 3, 2, 83),
(598, 'non illo aut', 2, 1, 10),
(599, 'est minima qui', 2, 4, 318),
(600, 'quia quidem consectetur', 1, 3, 335),
(601, 'quos quae expedita', 1, 5, 446),
(602, 'impedit magni sit', 4, 3, 318),
(603, 'accusamus sed repellat', 2, 2, 135),
(604, 'eius dolor dicta', 5, 3, 168),
(605, 'dolor sed ut', 5, 5, 164),
(606, 'nobis a laborum', 5, 5, 126),
(607, 'est tenetur aut', 4, 1, 176),
(608, 'explicabo accusantium quos', 1, 1, 367),
(609, 'alias et consequuntur', 2, 3, 197),
(610, 'dolorum natus sit', 2, 4, 262),
(611, 'numquam ex sit', 1, 1, 396),
(612, 'ea et quia', 4, 2, 360),
(613, 'non voluptate ut', 5, 3, 499),
(614, 'ut provident omnis', 5, 3, 356),
(615, 'dolore aut suscipit', 1, 5, 212),
(616, 'dolores corrupti eum', 5, 1, 193),
(617, 'beatae et repudiandae', 3, 3, 324),
(618, 'blanditiis molestiae vel', 5, 1, 98),
(619, 'natus in numquam', 4, 2, 245),
(620, 'praesentium consequatur reiciendis', 4, 3, 458),
(621, 'cumque consequatur corrupti', 3, 2, 172),
(622, 'molestiae eum neque', 3, 2, 154),
(623, 'iure nulla maiores', 3, 4, 250),
(624, 'et totam voluptatum', 3, 5, 107),
(625, 'est dolorem tenetur', 2, 1, 444),
(626, 'perspiciatis deleniti ipsam', 3, 5, 294),
(627, 'libero hic qui', 3, 5, 416),
(628, 'porro id hic', 2, 1, 174),
(629, 'aut quam consequuntur', 5, 3, 368),
(630, 'recusandae accusamus reprehenderit', 5, 5, 459),
(631, 'aspernatur eveniet provident', 3, 4, 431),
(632, 'ullam fugiat veniam', 2, 2, 378),
(633, 'accusantium suscipit sit', 5, 5, 280),
(634, 'qui aspernatur sint', 1, 1, 325),
(635, 'deserunt earum aliquam', 5, 5, 437),
(636, 'nulla in et', 3, 2, 112),
(637, 'ullam aut minima', 5, 2, 319),
(638, 'accusamus maiores itaque', 3, 5, 454),
(639, 'aut expedita non', 2, 4, 199),
(640, 'quis veniam perspiciatis', 3, 4, 29),
(641, 'odit unde quod', 2, 2, 142),
(642, 'at dolorum qui', 2, 1, 451),
(643, 'iste assumenda blanditiis', 1, 5, 206),
(644, 'ullam et culpa', 4, 4, 383),
(645, 'velit sunt dignissimos', 3, 3, 427),
(646, 'commodi ullam nihil', 1, 3, 481),
(647, 'sapiente vero qui', 1, 5, 254),
(648, 'nesciunt et est', 5, 4, 7),
(649, 'totam consequatur facere', 4, 1, 414),
(650, 'dicta aspernatur et', 2, 1, 18),
(651, 'veritatis rerum consequatur', 5, 1, 361),
(652, 'qui quasi illo', 2, 2, 406),
(653, 'beatae voluptas porro', 2, 4, 132),
(654, 'in adipisci aut', 3, 3, 238),
(655, 'odio et delectus', 4, 3, 37),
(656, 'libero voluptatum quaerat', 5, 3, 215),
(657, 'dolores minus vel', 2, 5, 151),
(658, 'esse perferendis officiis', 5, 2, 110),
(659, 'aliquam quo repellendus', 1, 1, 114),
(660, 'sapiente ut est', 1, 1, 58),
(661, 'eius voluptatem blanditiis', 5, 4, 126),
(662, 'voluptates velit eos', 1, 3, 481),
(663, 'fugiat rem quos', 3, 4, 336),
(664, 'voluptatibus impedit nesciunt', 5, 1, 432),
(665, 'delectus nobis veniam', 4, 1, 411),
(666, 'a sunt consequatur', 4, 2, 135),
(667, 'nemo eum voluptatem', 2, 5, 369),
(668, 'error est aut', 5, 2, 283),
(669, 'aut voluptas ad', 5, 5, 194),
(670, 'aut nemo quia', 1, 3, 444),
(671, 'qui sed mollitia', 1, 2, 318),
(672, 'quam est ab', 1, 3, 154),
(673, 'totam rerum dolores', 4, 3, 224),
(674, 'ipsum odit dolor', 2, 5, 325),
(675, 'sed ipsa nihil', 2, 2, 22),
(676, 'voluptate consequatur sunt', 2, 4, 135),
(677, 'dignissimos quos sapiente', 5, 5, 317),
(678, 'rerum et ipsum', 4, 2, 198),
(679, 'autem reiciendis neque', 3, 3, 372),
(680, 'omnis provident explicabo', 5, 1, 54),
(681, 'quae voluptas et', 3, 1, 464),
(682, 'quam explicabo ut', 5, 2, 308),
(683, 'est neque iste', 2, 5, 54),
(684, 'debitis delectus ex', 4, 5, 9),
(685, 'libero quod nulla', 1, 1, 224),
(686, 'necessitatibus autem sequi', 4, 5, 12),
(687, 'perferendis eius nam', 2, 1, 76),
(688, 'aliquam nulla quis', 1, 5, 434),
(689, 'corrupti occaecati repudiandae', 2, 4, 473),
(690, 'blanditiis dolores aliquid', 5, 4, 52),
(691, 'magnam ab molestias', 2, 5, 101),
(692, 'quos dolores neque', 5, 2, 376),
(693, 'eveniet debitis sunt', 1, 5, 176),
(694, 'repudiandae quos sit', 4, 4, 44),
(695, 'sapiente dolores rerum', 2, 1, 402),
(696, 'dolores vero voluptatem', 5, 5, 105),
(697, 'dignissimos quos atque', 4, 3, 279),
(698, 'occaecati corrupti et', 4, 4, 429),
(699, 'in incidunt aut', 2, 4, 223),
(700, 'eos similique vel', 4, 1, 358),
(701, 'et ea tempora', 2, 3, 458),
(702, 'accusantium similique animi', 2, 5, 312),
(703, 'autem magni ipsam', 1, 4, 303),
(704, 'est impedit voluptates', 3, 1, 30),
(705, 'asperiores eius voluptates', 1, 1, 393),
(706, 'beatae quis vel', 2, 4, 287),
(707, 'ipsa aspernatur provident', 5, 1, 44),
(708, 'fugit laborum nam', 5, 3, 46),
(709, 'repellendus et aliquam', 1, 1, 19),
(710, 'ad est aut', 5, 3, 296),
(711, 'omnis aut maiores', 3, 3, 342),
(712, 'et expedita et', 2, 1, 93),
(713, 'illum nihil sit', 4, 3, 190),
(714, 'sunt quisquam occaecati', 3, 1, 8),
(715, 'molestias molestiae ratione', 4, 2, 55),
(716, 'est eum dolorem', 2, 4, 472),
(717, 'explicabo rem blanditiis', 4, 4, 384),
(718, 'architecto voluptas vitae', 2, 4, 214),
(719, 'perspiciatis tenetur id', 5, 2, 308),
(720, 'dolore eum ut', 3, 2, 75),
(721, 'et optio in', 1, 3, 494),
(722, 'aut consequatur deserunt', 1, 2, 364),
(723, 'voluptatem pariatur et', 4, 3, 156),
(724, 'exercitationem accusamus qui', 1, 2, 316),
(725, 'perferendis sit pariatur', 3, 5, 51),
(726, 'nemo minima error', 5, 4, 242),
(727, 'et iste illum', 1, 3, 68),
(728, 'non eligendi a', 2, 3, 249),
(729, 'dolorem adipisci aut', 2, 1, 126),
(730, 'asperiores voluptas et', 2, 5, 44),
(731, 'quod odio et', 2, 5, 30),
(732, 'tempore debitis exercitationem', 3, 4, 151),
(733, 'nobis magni dolor', 5, 3, 125),
(734, 'animi iusto corporis', 4, 4, 300),
(735, 'quo officiis quasi', 1, 1, 143),
(736, 'tempora et est', 4, 3, 429),
(737, 'itaque dolor ut', 4, 4, 196),
(738, 'earum quo corporis', 5, 3, 497),
(739, 'id totam iusto', 1, 1, 420),
(740, 'voluptatibus eveniet repellat', 2, 2, 416),
(741, 'qui iusto accusantium', 4, 3, 433),
(742, 'sint optio est', 2, 1, 396),
(743, 'sit qui laborum', 4, 2, 262),
(744, 'aut dolorem omnis', 5, 5, 72),
(745, 'nemo facere velit', 4, 3, 364),
(746, 'ea est dignissimos', 5, 1, 317),
(747, 'ea quia cum', 3, 2, 127),
(748, 'dolore ut tempore', 4, 1, 5),
(749, 'aut omnis dolorum', 4, 2, 25),
(750, 'rem laborum ea', 2, 1, 132),
(751, 'et distinctio non', 2, 1, 432),
(752, 'dolorum aspernatur magni', 2, 5, 340),
(753, 'est quis voluptatem', 3, 4, 133),
(754, 'aspernatur doloremque earum', 2, 1, 278),
(755, 'aliquam voluptas quia', 4, 4, 111),
(756, 'ut amet et', 2, 1, 409),
(757, 'nulla et numquam', 1, 4, 273),
(758, 'fugit distinctio est', 2, 4, 347),
(759, 'rerum a corrupti', 2, 3, 298),
(760, 'sunt quis corrupti', 4, 5, 79),
(761, 'laudantium voluptatem sed', 2, 5, 188),
(762, 'sapiente praesentium consequatur', 3, 2, 84),
(763, 'ut autem sed', 2, 5, 67),
(764, 'rerum omnis natus', 3, 3, 185),
(765, 'ut sit pariatur', 1, 3, 66),
(766, 'molestiae doloremque laudantium', 3, 2, 31),
(767, 'doloribus aliquam adipisci', 2, 1, 97),
(768, 'quasi harum nostrum', 4, 3, 97),
(769, 'autem consequatur recusandae', 5, 3, 276),
(770, 'ea quod debitis', 2, 5, 105),
(771, 'suscipit quod rerum', 4, 5, 107),
(772, 'qui atque esse', 1, 1, 111),
(773, 'fuga et temporibus', 3, 5, 415),
(774, 'molestias iusto ratione', 3, 5, 326),
(775, 'omnis illum non', 4, 4, 190),
(776, 'quos qui non', 3, 5, 35),
(777, 'sunt molestiae voluptatem', 2, 2, 158),
(778, 'delectus sunt est', 2, 2, 25),
(779, 'voluptas occaecati repellat', 2, 1, 68),
(780, 'quibusdam velit omnis', 4, 3, 272),
(781, 'est sed sint', 3, 2, 264),
(782, 'sequi ut labore', 1, 4, 104),
(783, 'est rerum voluptatem', 1, 5, 330),
(784, 'iste laborum error', 3, 4, 176),
(785, 'eum aut eum', 2, 2, 190),
(786, 'enim aut nemo', 4, 2, 11),
(787, 'sit natus et', 4, 4, 94),
(788, 'odit quis odit', 5, 5, 339),
(789, 'numquam excepturi et', 4, 5, 275),
(790, 'omnis tempore debitis', 4, 3, 196),
(791, 'ipsum est dicta', 1, 1, 144),
(792, 'quia illo autem', 5, 2, 152),
(793, 'nemo fugit harum', 5, 5, 467),
(794, 'dolores natus quo', 5, 5, 427),
(795, 'et soluta tenetur', 5, 1, 259),
(796, 'labore vel id', 5, 2, 348),
(797, 'architecto sit deleniti', 4, 5, 396),
(798, 'dolore eos dicta', 2, 5, 116),
(799, 'quam dolor deleniti', 5, 5, 409),
(800, 'aut minima saepe', 1, 1, 420),
(801, 'voluptate id accusamus', 2, 1, 253),
(802, 'ea autem at', 1, 4, 26),
(803, 'minima voluptatem facere', 4, 3, 379),
(804, 'repudiandae amet est', 5, 1, 343),
(805, 'consequatur voluptatum error', 5, 4, 431),
(806, 'architecto iusto reiciendis', 1, 2, 247),
(807, 'iste et quo', 1, 2, 113),
(808, 'ex quasi autem', 3, 4, 232),
(809, 'veritatis iure reiciendis', 2, 5, 22),
(810, 'ex voluptas cumque', 5, 5, 343),
(811, 'ut soluta animi', 4, 5, 6),
(812, 'quia velit ut', 1, 5, 293),
(813, 'beatae temporibus reiciendis', 5, 3, 134),
(814, 'corrupti velit culpa', 2, 5, 155),
(815, 'non eos vero', 4, 4, 170),
(816, 'temporibus aut quas', 3, 2, 291),
(817, 'occaecati quaerat sequi', 3, 1, 109),
(818, 'totam qui sed', 3, 3, 299),
(819, 'fuga sunt possimus', 4, 3, 281),
(820, 'labore facere velit', 1, 2, 486),
(821, 'iste aut reiciendis', 2, 5, 214),
(822, 'ex aperiam vero', 2, 1, 261),
(823, 'voluptas itaque provident', 4, 3, 453),
(824, 'sed ratione illum', 4, 1, 381),
(825, 'qui aut numquam', 2, 5, 105),
(826, 'sequi temporibus quis', 4, 2, 150),
(827, 'voluptatem et alias', 3, 1, 212),
(828, 'dolorum cumque nam', 1, 1, 298),
(829, 'est provident quasi', 1, 1, 273),
(830, 'eum quod odit', 3, 1, 243),
(831, 'placeat qui necessitatibus', 2, 4, 287),
(832, 'consequatur rerum et', 5, 2, 39),
(833, 'quia expedita vero', 3, 4, 462),
(834, 'est velit dolorum', 3, 3, 189),
(835, 'iusto doloremque laboriosam', 4, 4, 334),
(836, 'et reiciendis exercitationem', 3, 1, 445),
(837, 'ut dolorem cupiditate', 4, 1, 401),
(838, 'omnis voluptas voluptatem', 1, 1, 123),
(839, 'sapiente est quo', 1, 5, 140),
(840, 'sed in enim', 5, 1, 275),
(841, 'voluptatum iste tempore', 4, 1, 465),
(842, 'illo voluptas aliquam', 5, 4, 117),
(843, 'sit eum debitis', 3, 1, 34),
(844, 'sit sunt omnis', 3, 1, 466),
(845, 'quidem velit qui', 4, 5, 112),
(846, 'quas libero nisi', 3, 3, 179),
(847, 'est atque cupiditate', 2, 3, 500),
(848, 'sed fugit esse', 2, 2, 79),
(849, 'quaerat qui velit', 5, 3, 333),
(850, 'excepturi iure maxime', 3, 3, 373),
(851, 'dolorem sunt omnis', 5, 5, 24),
(852, 'numquam consectetur omnis', 1, 5, 484),
(853, 'et aspernatur in', 1, 3, 354),
(854, 'dolores et qui', 5, 5, 320),
(855, 'eum voluptas eum', 2, 1, 319),
(856, 'quidem ut nemo', 1, 1, 408),
(857, 'quas ea atque', 2, 5, 284),
(858, 'laboriosam minima in', 3, 1, 96),
(859, 'pariatur dolorem nemo', 1, 4, 469),
(860, 'deleniti sed cupiditate', 1, 4, 134),
(861, 'consequatur labore ea', 2, 5, 342),
(862, 'voluptatibus ex voluptatem', 2, 3, 57),
(863, 'quaerat tempora et', 5, 1, 3),
(864, 'cupiditate harum officiis', 2, 1, 145),
(865, 'iusto qui nulla', 5, 2, 41),
(866, 'consequatur cupiditate iure', 3, 4, 180),
(867, 'placeat ut nam', 5, 5, 117),
(868, 'quasi dolorum illum', 1, 2, 436),
(869, 'qui aut et', 1, 4, 260),
(870, 'ipsum ab ut', 4, 5, 313),
(871, 'est occaecati quia', 4, 5, 499),
(872, 'dolorum dolorum quae', 5, 2, 244),
(873, 'quibusdam et saepe', 5, 4, 206),
(874, 'aut vitae omnis', 1, 4, 86),
(875, 'unde et qui', 4, 1, 34),
(876, 'aut quaerat voluptas', 3, 2, 284),
(877, 'reprehenderit aut expedita', 2, 3, 376),
(878, 'velit ea qui', 2, 5, 258),
(879, 'dolor fugit corrupti', 4, 3, 280),
(880, 'voluptatibus qui nihil', 3, 2, 272),
(881, 'impedit non officiis', 2, 4, 2),
(882, 'cumque nisi modi', 5, 4, 395),
(883, 'commodi dolor quia', 3, 1, 97),
(884, 'corporis numquam consequatur', 3, 5, 80),
(885, 'reprehenderit voluptatem nihil', 1, 1, 145),
(886, 'itaque est libero', 2, 2, 96),
(887, 'autem qui accusamus', 4, 4, 137),
(888, 'quod hic aut', 2, 3, 391),
(889, 'omnis eligendi culpa', 1, 5, 75),
(890, 'temporibus deserunt eos', 1, 3, 150),
(891, 'omnis quis magnam', 1, 3, 297),
(892, 'dolor quia dolorum', 5, 5, 491),
(893, 'molestias itaque dolore', 3, 3, 60),
(894, 'dolore ut porro', 2, 5, 242),
(895, 'est eius animi', 3, 1, 431),
(896, 'sit et explicabo', 2, 2, 411),
(897, 'voluptatem ex exercitationem', 3, 4, 293),
(898, 'quo voluptatem voluptatibus', 4, 4, 292),
(899, 'est soluta temporibus', 5, 1, 237),
(900, 'expedita optio dolores', 1, 1, 379),
(901, 'sunt et quia', 5, 1, 30),
(902, 'illo at doloribus', 1, 4, 71),
(903, 'ut sunt et', 5, 1, 6),
(904, 'voluptatem rerum consequatur', 2, 3, 69),
(905, 'nihil voluptatem alias', 1, 2, 144),
(906, 'aspernatur odit quo', 5, 2, 230),
(907, 'unde fuga deserunt', 4, 1, 491),
(908, 'reprehenderit maxime eum', 5, 5, 372),
(909, 'ad aliquam et', 5, 3, 76),
(910, 'est fugit eum', 2, 2, 195),
(911, 'consequatur nemo sint', 2, 1, 173),
(912, 'iste nemo aperiam', 3, 1, 180),
(913, 'pariatur eos possimus', 1, 1, 450),
(914, 'vel nesciunt assumenda', 2, 4, 263),
(915, 'voluptatem nam odio', 1, 5, 364),
(916, 'repudiandae ipsa eligendi', 2, 4, 66),
(917, 'qui dolorem perferendis', 2, 2, 39),
(918, 'dicta architecto vel', 5, 2, 214),
(919, 'quod facere ipsum', 3, 4, 98),
(920, 'molestiae ad voluptatem', 4, 1, 369),
(921, 'aut molestias nam', 3, 5, 96),
(922, 'in velit ut', 1, 3, 306),
(923, 'similique vero fugit', 5, 3, 91),
(924, 'officia ratione est', 2, 2, 381),
(925, 'commodi dolorem velit', 1, 2, 172),
(926, 'dolor aut fugiat', 3, 3, 192),
(927, 'dolorem corrupti sint', 2, 4, 80),
(928, 'quidem natus velit', 2, 2, 288),
(929, 'quam laborum voluptates', 5, 4, 203),
(930, 'amet distinctio saepe', 3, 2, 407),
(931, 'placeat praesentium consequatur', 4, 2, 343),
(932, 'doloribus voluptatem velit', 3, 5, 28),
(933, 'ea illum debitis', 5, 3, 140),
(934, 'ut dolorem error', 5, 3, 242),
(935, 'amet et quia', 4, 5, 204),
(936, 'in libero sequi', 5, 4, 231),
(937, 'corrupti non qui', 2, 2, 144),
(938, 'vel animi libero', 4, 3, 240),
(939, 'eius beatae voluptatem', 5, 3, 236),
(940, 'esse laboriosam sapiente', 4, 3, 15),
(941, 'ea et libero', 2, 2, 366),
(942, 'modi eum accusamus', 1, 2, 220),
(943, 'aut nobis sit', 4, 5, 161),
(944, 'temporibus quisquam numquam', 2, 1, 413),
(945, 'aspernatur praesentium quis', 4, 4, 68),
(946, 'cupiditate facilis deleniti', 2, 4, 162),
(947, 'quam et est', 4, 3, 190),
(948, 'eum aut accusantium', 2, 1, 455),
(949, 'sunt aut doloremque', 3, 2, 399),
(950, 'optio quia dolore', 4, 1, 146),
(951, 'aut possimus eaque', 1, 5, 290),
(952, 'laboriosam ex non', 4, 4, 366),
(953, 'iusto ratione recusandae', 3, 4, 322),
(954, 'qui corrupti animi', 5, 4, 63),
(955, 'commodi ut asperiores', 5, 1, 189),
(956, 'eaque qui quo', 3, 4, 378),
(957, 'consequuntur fugiat laborum', 4, 3, 241),
(958, 'rerum possimus et', 2, 2, 301),
(959, 'sit eius ea', 3, 4, 343),
(960, 'rerum neque error', 1, 3, 379),
(961, 'exercitationem quo ab', 3, 3, 212),
(962, 'nisi ut non', 4, 5, 149),
(963, 'illo corporis et', 1, 2, 281),
(964, 'quaerat nesciunt voluptas', 4, 3, 248),
(965, 'perferendis reiciendis et', 3, 3, 294),
(966, 'voluptatem veritatis fugiat', 2, 2, 122),
(967, 'nostrum ad et', 5, 5, 42),
(968, 'numquam ea blanditiis', 5, 5, 75),
(969, 'fugit non vel', 2, 1, 370),
(970, 'molestias qui voluptas', 4, 2, 74),
(971, 'impedit aliquam est', 4, 4, 279),
(972, 'quia eaque beatae', 3, 3, 341),
(973, 'eos dolore sapiente', 5, 3, 91),
(974, 'qui maxime ut', 2, 1, 92),
(975, 'nam expedita molestias', 4, 5, 280),
(976, 'aliquam quas modi', 2, 3, 439),
(977, 'aut voluptates ullam', 1, 2, 28),
(978, 'qui ex sint', 5, 2, 55),
(979, 'eveniet modi dolor', 5, 1, 112),
(980, 'sint quos dicta', 2, 1, 128),
(981, 'similique quia repellendus', 1, 3, 173),
(982, 'aliquid molestiae accusantium', 4, 5, 454),
(983, 'est aperiam iste', 4, 4, 353),
(984, 'possimus autem rerum', 2, 4, 467),
(985, 'quisquam voluptatum dolorem', 3, 5, 185),
(986, 'et aut placeat', 4, 4, 211),
(987, 'sunt hic necessitatibus', 5, 2, 422),
(988, 'nihil placeat ad', 2, 2, 258),
(989, 'aliquam voluptatibus possimus', 1, 4, 292),
(990, 'quisquam praesentium molestiae', 2, 4, 473),
(991, 'sint voluptatem et', 2, 1, 362),
(992, 'error voluptatem consequatur', 1, 4, 400),
(993, 'rerum dicta corrupti', 5, 3, 1),
(994, 'ut quae perspiciatis', 2, 4, 136),
(995, 'et est quis', 2, 4, 97),
(996, 'voluptas cum assumenda', 3, 1, 427),
(997, 'autem molestias id', 5, 4, 342),
(998, 'amet doloribus odio', 4, 4, 432),
(999, 'est corrupti est', 4, 3, 272),
(1000, 'vel impedit commodi', 5, 5, 135),
(1001, 'iusto ex doloremque', 3, 3, 49),
(1002, 'omnis laborum autem', 3, 4, 204),
(1003, 'sequi explicabo vero', 5, 3, 259),
(1004, 'voluptatem libero quia', 3, 3, 5),
(1005, 'in reiciendis dolorem', 3, 1, 17),
(1006, 'deleniti repellendus ut', 1, 4, 73),
(1007, 'magnam ut dolores', 2, 4, 360),
(1008, 'minima ut commodi', 4, 4, 470),
(1009, 'aliquid magnam et', 4, 3, 409),
(1010, 'consectetur magnam dolorem', 5, 4, 133),
(1011, 'voluptatem repellat ullam', 3, 4, 389),
(1012, 'sed pariatur non', 4, 1, 479),
(1013, 'ab molestias exercitationem', 3, 3, 299),
(1014, 'quisquam autem cum', 2, 4, 370),
(1015, 'quos cum velit', 1, 4, 160),
(1016, 'quia dolor ea', 2, 4, 454),
(1017, 'enim quam necessitatibus', 5, 3, 39),
(1018, 'quaerat cum et', 1, 5, 23),
(1019, 'autem qui accusamus', 3, 1, 478),
(1020, 'vero eum fuga', 4, 2, 437),
(1021, 'voluptas deleniti ut', 3, 4, 481),
(1022, 'neque quos dolorem', 1, 1, 286),
(1023, 'facere qui et', 5, 2, 133),
(1024, 'ullam tempora nobis', 4, 4, 43),
(1025, 'et earum et', 5, 4, 63),
(1026, 'distinctio et consequatur', 4, 4, 129),
(1027, 'nostrum quam labore', 2, 4, 418),
(1028, 'quidem aliquid qui', 5, 2, 158),
(1029, 'officia deleniti saepe', 3, 4, 462),
(1030, 'itaque atque maxime', 4, 3, 260),
(1031, 'earum qui similique', 2, 5, 480),
(1032, 'excepturi at nam', 4, 5, 43),
(1033, 'aliquid sint quasi', 3, 4, 359),
(1034, 'explicabo unde voluptatem', 4, 3, 339),
(1035, 'ipsum magnam ipsa', 1, 3, 18),
(1036, 'quis consequatur esse', 1, 3, 48),
(1037, 'quaerat rem dignissimos', 2, 1, 102),
(1038, 'magni quo deserunt', 3, 3, 1),
(1039, 'occaecati reprehenderit aliquam', 2, 1, 104),
(1040, 'harum quasi veniam', 4, 2, 452),
(1041, 'necessitatibus cum odit', 1, 1, 88),
(1042, 'doloribus qui aperiam', 3, 1, 406),
(1043, 'laudantium autem aut', 1, 4, 479),
(1044, 'sed delectus qui', 4, 5, 413),
(1045, 'ullam sunt dolores', 1, 4, 123),
(1046, 'architecto error fuga', 4, 5, 168),
(1047, 'et omnis labore', 3, 2, 164),
(1048, 'aperiam et consequatur', 3, 1, 221),
(1049, 'non quidem minima', 5, 5, 441),
(1050, 'possimus eos sequi', 3, 5, 284),
(1051, 'est laboriosam aut', 2, 4, 333),
(1052, 'voluptate est est', 3, 4, 121),
(1053, 'libero sint nihil', 1, 3, 442),
(1054, 'sit aut fuga', 4, 2, 162),
(1055, 'exercitationem ut quam', 2, 2, 161),
(1056, 'excepturi id illo', 3, 1, 214),
(1057, 'quo officiis ipsam', 5, 1, 204),
(1058, 'aliquid quia amet', 3, 5, 410),
(1059, 'quia autem sed', 4, 5, 49),
(1060, 'tempora eos sed', 1, 3, 495),
(1061, 'cumque non itaque', 1, 3, 94),
(1062, 'ut velit ipsum', 3, 1, 227),
(1063, 'qui ducimus magnam', 5, 5, 259),
(1064, 'soluta autem maxime', 2, 3, 182),
(1065, 'non fuga ea', 4, 1, 347),
(1066, 'ratione quis aliquid', 1, 1, 436),
(1067, 'quidem nesciunt provident', 4, 1, 296),
(1068, 'culpa nihil laudantium', 5, 3, 237),
(1069, 'et odio cumque', 1, 3, 272),
(1070, 'architecto ullam ut', 2, 2, 16),
(1071, 'illo voluptatem qui', 3, 5, 195),
(1072, 'quos vel beatae', 5, 3, 5),
(1073, 'reiciendis eius voluptates', 3, 4, 126),
(1074, 'maxime architecto excepturi', 1, 4, 96),
(1075, 'nisi qui eveniet', 2, 5, 101),
(1076, 'maiores quis delectus', 1, 1, 351),
(1077, 'labore odio error', 1, 4, 328),
(1078, 'eaque maxime ut', 3, 2, 44),
(1079, 'cumque laudantium voluptas', 5, 5, 498),
(1080, 'enim alias sit', 5, 5, 185),
(1081, 'corporis illum eveniet', 5, 1, 376),
(1082, 'enim omnis qui', 2, 5, 402),
(1083, 'nisi velit error', 1, 2, 211),
(1084, 'inventore nihil repellat', 3, 1, 184),
(1085, 'occaecati fugit nobis', 5, 1, 324),
(1086, 'esse possimus ipsum', 2, 5, 2),
(1087, 'voluptas qui molestias', 4, 2, 242),
(1088, 'suscipit fugit sit', 2, 1, 390),
(1089, 'omnis inventore qui', 4, 1, 350),
(1090, 'dolor quia consequatur', 5, 3, 405),
(1091, 'est commodi dolor', 1, 2, 107),
(1092, 'nulla dolores est', 4, 3, 158),
(1093, 'aspernatur sapiente consequatur', 2, 3, 162),
(1094, 'tempore totam expedita', 2, 4, 195),
(1095, 'ex molestiae tempore', 2, 3, 284),
(1096, 'aut ut non', 3, 4, 182),
(1097, 'reprehenderit harum est', 2, 5, 481),
(1098, 'velit nobis odit', 4, 2, 303),
(1099, 'aliquam ut voluptatibus', 4, 3, 24),
(1100, 'vel voluptate et', 5, 3, 92),
(1101, 'quisquam expedita omnis', 2, 3, 358),
(1102, 'doloribus enim incidunt', 4, 4, 385),
(1103, 'recusandae id fugiat', 3, 1, 191),
(1104, 'rerum sit quos', 4, 1, 345),
(1105, 'et nisi assumenda', 5, 3, 11),
(1106, 'error ut porro', 4, 4, 439),
(1107, 'ea dolores est', 5, 1, 231),
(1108, 'eos ipsam iure', 1, 5, 198),
(1109, 'sunt id doloremque', 5, 1, 192),
(1110, 'nostrum ut dignissimos', 2, 5, 330),
(1111, 'et aut consequatur', 1, 4, 316),
(1112, 'optio dignissimos laborum', 1, 4, 414),
(1113, 'reprehenderit sequi dolor', 1, 1, 80),
(1114, 'quo ut dolore', 4, 3, 368),
(1115, 'ea dolorem dolore', 3, 1, 366),
(1116, 'atque reprehenderit quisquam', 4, 3, 177),
(1117, 'recusandae alias sit', 3, 2, 441),
(1118, 'et at cumque', 1, 5, 29),
(1119, 'distinctio deleniti laborum', 5, 3, 286),
(1120, 'sapiente deleniti nostrum', 4, 2, 142),
(1121, 'laboriosam dolorem quis', 4, 4, 83),
(1122, 'repudiandae assumenda provident', 1, 2, 450),
(1123, 'voluptatem voluptates libero', 2, 1, 63),
(1124, 'minus et laborum', 3, 2, 423),
(1125, 'est culpa veritatis', 3, 5, 289),
(1126, 'in eligendi omnis', 2, 4, 371),
(1127, 'molestiae voluptates ducimus', 2, 5, 21),
(1128, 'veniam voluptatem saepe', 3, 3, 284),
(1129, 'necessitatibus vitae fugit', 2, 2, 249),
(1130, 'quis provident maxime', 1, 3, 498),
(1131, 'aut harum voluptas', 4, 4, 299),
(1132, 'qui nulla aliquid', 4, 1, 414),
(1133, 'dolor laboriosam alias', 4, 1, 103),
(1134, 'atque aut laudantium', 2, 1, 180),
(1135, 'qui laborum quaerat', 1, 2, 131),
(1136, 'magni sunt impedit', 1, 1, 400),
(1137, 'facilis iure dicta', 2, 3, 291),
(1138, 'quisquam ipsum corporis', 3, 1, 233),
(1139, 'dolore est velit', 3, 3, 359),
(1140, 'animi ad vel', 2, 5, 494),
(1141, 'quo at minus', 2, 5, 63),
(1142, 'deleniti et beatae', 1, 3, 423),
(1143, 'aperiam excepturi ea', 2, 4, 386),
(1144, 'rem modi ut', 1, 5, 440),
(1145, 'quia temporibus qui', 5, 4, 3),
(1146, 'ipsum quasi cumque', 1, 1, 255),
(1147, 'ratione voluptatem velit', 1, 4, 143),
(1148, 'nemo molestias praesentium', 2, 5, 237),
(1149, 'dolores id illo', 3, 1, 481),
(1150, 'eveniet dicta vero', 4, 3, 58),
(1151, 'vel incidunt earum', 5, 5, 307),
(1152, 'culpa modi laboriosam', 2, 5, 314),
(1153, 'et aut voluptas', 2, 2, 289),
(1154, 'in odio at', 1, 4, 172),
(1155, 'molestiae aliquam natus', 3, 1, 468),
(1156, 'ut omnis dolorem', 5, 1, 137),
(1157, 'et vitae omnis', 1, 2, 201),
(1158, 'voluptates veniam animi', 3, 2, 238),
(1159, 'dolorem debitis nobis', 2, 4, 254),
(1160, 'expedita aut explicabo', 3, 3, 99),
(1161, 'dolor quo est', 2, 1, 370),
(1162, 'corporis ducimus ad', 4, 2, 78),
(1163, 'in ullam odit', 1, 1, 12),
(1164, 'magni saepe similique', 5, 2, 169),
(1165, 'fugiat consequuntur velit', 3, 3, 419),
(1166, 'ex ratione nihil', 5, 4, 14),
(1167, 'laboriosam eos nihil', 4, 5, 126),
(1168, 'et est ea', 1, 5, 36),
(1169, 'quia praesentium iusto', 1, 4, 350),
(1170, 'odio velit molestiae', 1, 4, 481),
(1171, 'recusandae blanditiis voluptatibus', 5, 1, 378),
(1172, 'ipsum dolore ea', 4, 1, 155),
(1173, 'omnis qui sunt', 1, 5, 246),
(1174, 'deleniti omnis culpa', 1, 4, 136),
(1175, 'ab totam aspernatur', 5, 4, 478),
(1176, 'commodi fuga ratione', 2, 3, 276),
(1177, 'est qui sunt', 2, 4, 366),
(1178, 'suscipit ab in', 2, 1, 347),
(1179, 'molestiae nam consequatur', 1, 4, 125),
(1180, 'dignissimos itaque quasi', 3, 3, 251),
(1181, 'omnis minima ratione', 2, 1, 174),
(1182, 'dolor consequatur officia', 4, 4, 376),
(1183, 'perspiciatis ut voluptatum', 3, 5, 259),
(1184, 'aspernatur voluptate magni', 1, 1, 284),
(1185, 'unde quas velit', 1, 2, 227),
(1186, 'qui nihil et', 4, 3, 439),
(1187, 'perspiciatis vel mollitia', 2, 2, 294),
(1188, 'sunt architecto laborum', 4, 5, 416),
(1189, 'quibusdam molestiae similique', 4, 2, 52),
(1190, 'blanditiis facilis doloribus', 4, 2, 451),
(1191, 'qui qui qui', 4, 3, 15),
(1192, 'id eligendi est', 2, 2, 138),
(1193, 'quaerat corrupti minima', 4, 1, 19),
(1194, 'quisquam sint sed', 1, 2, 491),
(1195, 'voluptatem qui ut', 2, 4, 190),
(1196, 'magnam praesentium rem', 4, 2, 433),
(1197, 'ab itaque vero', 2, 4, 279),
(1198, 'nam facilis ut', 5, 4, 160),
(1199, 'illo quo et', 2, 4, 339),
(1200, 'ut et et', 3, 5, 62),
(1201, 'at et dignissimos', 5, 3, 493),
(1202, 'ut asperiores quos', 5, 1, 392),
(1203, 'voluptatem non praesentium', 2, 2, 127),
(1204, 'ea iusto omnis', 1, 5, 463),
(1205, 'quam quidem rerum', 4, 5, 464),
(1206, 'dicta iure cum', 3, 1, 376),
(1207, 'consequatur enim autem', 1, 5, 333),
(1208, 'tempore rerum provident', 4, 1, 54),
(1209, 'dolorem voluptatum ea', 5, 4, 121),
(1210, 'nostrum aliquid sint', 4, 4, 403),
(1211, 'voluptate aut incidunt', 4, 5, 112),
(1212, 'sunt sed blanditiis', 3, 4, 222),
(1213, 'sed a itaque', 1, 3, 486),
(1214, 'deleniti consequatur nesciunt', 2, 4, 305),
(1215, 'quia ipsam ut', 5, 4, 306),
(1216, 'est qui praesentium', 1, 3, 149),
(1217, 'sunt et deleniti', 2, 2, 329),
(1218, 'laudantium eligendi sapiente', 4, 2, 72),
(1219, 'enim porro rerum', 4, 2, 231),
(1220, 'id culpa nihil', 3, 1, 212),
(1221, 'cumque et repellendus', 1, 4, 386),
(1222, 'est dolore eos', 3, 4, 388),
(1223, 'modi nihil neque', 5, 3, 45),
(1224, 'ab molestias vel', 4, 3, 110),
(1225, 'incidunt explicabo quasi', 1, 1, 483),
(1226, 'odit consequatur qui', 2, 4, 328),
(1227, 'beatae id eum', 1, 1, 302),
(1228, 'voluptatem ut sit', 5, 1, 61),
(1229, 'consequatur sit nesciunt', 4, 5, 313),
(1230, 'quo architecto autem', 4, 4, 135),
(1231, 'blanditiis et officia', 4, 3, 119),
(1232, 'consequuntur beatae quia', 2, 2, 35),
(1233, 'asperiores iure amet', 4, 1, 10),
(1234, 'doloremque sint cumque', 5, 1, 110),
(1235, 'veritatis aut distinctio', 4, 2, 153),
(1236, 'aut quasi deleniti', 1, 2, 442),
(1237, 'id illo aut', 2, 5, 337),
(1238, 'alias deleniti aliquid', 1, 3, 303),
(1239, 'quod totam aliquid', 5, 2, 139),
(1240, 'eum assumenda omnis', 2, 5, 191),
(1241, 'et sequi velit', 1, 1, 90),
(1242, 'rem qui facere', 5, 3, 255),
(1243, 'accusantium et iusto', 1, 3, 290),
(1244, 'autem nisi eum', 4, 2, 495),
(1245, 'laudantium optio consequuntur', 1, 1, 480),
(1246, 'ipsum ipsam ipsam', 3, 2, 165),
(1247, 'tenetur vitae et', 4, 2, 76),
(1248, 'corporis mollitia provident', 4, 2, 258),
(1249, 'dolore velit repellat', 2, 5, 485),
(1250, 'laborum est voluptate', 3, 3, 211),
(1251, 'ipsum sit similique', 2, 3, 485),
(1252, 'ut ex dicta', 2, 2, 259),
(1253, 'ducimus asperiores qui', 2, 3, 145),
(1254, 'quod blanditiis dolore', 1, 3, 233),
(1255, 'sequi et qui', 4, 4, 484),
(1256, 'quam ex cupiditate', 4, 4, 444),
(1257, 'a similique aliquam', 4, 1, 222),
(1258, 'delectus dolorum modi', 4, 5, 351),
(1259, 'excepturi et sed', 4, 2, 462),
(1260, 'sunt amet officiis', 5, 1, 486),
(1261, 'impedit ipsa ut', 2, 2, 137),
(1262, 'voluptates accusantium perspiciatis', 4, 4, 249),
(1263, 'eos et quaerat', 1, 4, 467),
(1264, 'quod ut delectus', 1, 3, 358),
(1265, 'qui voluptatem ut', 2, 5, 72),
(1266, 'minus enim accusamus', 3, 3, 31),
(1267, 'ipsam odit molestias', 4, 3, 42),
(1268, 'impedit et et', 1, 2, 495),
(1269, 'repellat eaque blanditiis', 1, 2, 473),
(1270, 'et porro ut', 3, 1, 142),
(1271, 'aut voluptatum facere', 2, 4, 287),
(1272, 'modi excepturi corporis', 1, 5, 491),
(1273, 'eius labore libero', 2, 1, 11),
(1274, 'et quia nulla', 5, 2, 426),
(1275, 'cupiditate rerum corporis', 2, 4, 253),
(1276, 'maxime officiis repellat', 2, 5, 281),
(1277, 'earum dolores accusamus', 5, 5, 28),
(1278, 'delectus commodi nobis', 2, 3, 199),
(1279, 'et impedit iure', 2, 4, 48);
INSERT INTO `items` (`id`, `name`, `category_id`, `supplier_id`, `stock`) VALUES
(1280, 'nemo laborum aut', 3, 3, 286),
(1281, 'dignissimos nemo debitis', 5, 3, 373),
(1282, 'voluptatem et quo', 3, 4, 65),
(1283, 'ducimus accusantium dolorum', 4, 5, 14),
(1284, 'ut laborum ipsa', 1, 2, 40),
(1285, 'mollitia voluptatem totam', 4, 1, 136),
(1286, 'et nemo dolore', 4, 2, 19),
(1287, 'cumque atque in', 1, 1, 64),
(1288, 'numquam sapiente itaque', 1, 1, 219),
(1289, 'velit est a', 4, 2, 356),
(1290, 'ea atque qui', 4, 4, 299),
(1291, 'autem sapiente autem', 2, 4, 384),
(1292, 'cum vero ipsum', 2, 5, 385),
(1293, 'laudantium quis et', 3, 1, 297),
(1294, 'distinctio veniam ut', 3, 1, 380),
(1295, 'quisquam occaecati eveniet', 4, 4, 173),
(1296, 'occaecati et dolores', 1, 2, 134),
(1297, 'doloremque repudiandae quod', 2, 3, 189),
(1298, 'blanditiis aspernatur incidunt', 3, 2, 47),
(1299, 'exercitationem quae ipsa', 3, 2, 349),
(1300, 'labore est dolorem', 3, 1, 447),
(1301, 'magnam neque id', 3, 5, 239),
(1302, 'doloribus dolore sapiente', 4, 4, 408),
(1303, 'commodi sunt nulla', 3, 2, 338),
(1304, 'ea est harum', 5, 5, 339),
(1305, 'consequatur voluptatibus atque', 4, 4, 45),
(1306, 'porro autem consequatur', 4, 5, 122),
(1307, 'error autem illum', 5, 1, 307),
(1308, 'aspernatur sed esse', 2, 2, 119),
(1309, 'aperiam expedita quas', 1, 3, 436),
(1310, 'laboriosam iure nihil', 3, 5, 255),
(1311, 'qui dolorem est', 1, 1, 80),
(1312, 'nostrum iusto et', 5, 5, 42),
(1313, 'cupiditate ut alias', 2, 3, 10),
(1314, 'harum et non', 5, 5, 16),
(1315, 'consequatur possimus officia', 2, 3, 439),
(1316, 'vitae quisquam accusamus', 5, 3, 356),
(1317, 'iure voluptatem voluptas', 3, 3, 264),
(1318, 'est voluptatibus libero', 2, 4, 307),
(1319, 'est distinctio adipisci', 4, 4, 46),
(1320, 'assumenda nulla aliquam', 2, 2, 194),
(1321, 'asperiores omnis inventore', 3, 5, 369),
(1322, 'libero adipisci voluptatem', 3, 3, 222),
(1323, 'aut eum harum', 2, 2, 128),
(1324, 'rerum quidem ut', 1, 1, 476),
(1325, 'error similique assumenda', 1, 4, 261),
(1326, 'itaque et et', 2, 4, 339),
(1327, 'eos nostrum neque', 2, 3, 137),
(1328, 'officiis eligendi inventore', 1, 3, 335),
(1329, 'nulla consequatur temporibus', 2, 3, 210),
(1330, 'in rerum excepturi', 1, 1, 295),
(1331, 'officia quo eos', 4, 5, 165),
(1332, 'et rerum nostrum', 2, 3, 310),
(1333, 'a voluptas et', 5, 5, 175),
(1334, 'consequatur maiores aut', 3, 4, 294),
(1335, 'est animi incidunt', 2, 2, 419),
(1336, 'quidem veniam est', 3, 2, 318),
(1337, 'quam repudiandae vitae', 2, 5, 481),
(1338, 'aperiam ratione necessitatibus', 5, 5, 490),
(1339, 'quam enim voluptatem', 3, 5, 88),
(1340, 'harum dicta itaque', 4, 1, 455),
(1341, 'doloremque et in', 1, 5, 276),
(1342, 'repudiandae necessitatibus tempore', 5, 1, 100),
(1343, 'hic quia velit', 4, 5, 384),
(1344, 'rerum autem repudiandae', 3, 3, 39),
(1345, 'eveniet suscipit voluptatem', 3, 4, 241),
(1346, 'et ipsa aut', 2, 2, 270),
(1347, 'libero ea autem', 3, 3, 403),
(1348, 'qui perferendis enim', 2, 4, 119),
(1349, 'similique est cumque', 1, 1, 105),
(1350, 'cupiditate ipsa iusto', 2, 4, 243),
(1351, 'et recusandae soluta', 2, 4, 273),
(1352, 'corrupti dignissimos quis', 3, 4, 212),
(1353, 'quia ea enim', 1, 1, 363),
(1354, 'quia iste porro', 3, 5, 8),
(1355, 'id nisi est', 5, 5, 264),
(1356, 'ipsa similique assumenda', 2, 5, 258),
(1357, 'assumenda et ullam', 1, 4, 242),
(1358, 'similique non illo', 2, 3, 297),
(1359, 'aut velit rerum', 1, 1, 332),
(1360, 'excepturi nihil non', 4, 2, 362),
(1361, 'consequatur voluptatem dignissimos', 1, 5, 215),
(1362, 'quia dolorem velit', 3, 3, 268),
(1363, 'inventore ratione est', 1, 4, 491),
(1364, 'sed pariatur omnis', 4, 4, 19),
(1365, 'id quidem nihil', 2, 2, 186),
(1366, 'fugiat cumque et', 4, 2, 140),
(1367, 'et exercitationem et', 5, 2, 28),
(1368, 'magni laborum sapiente', 2, 1, 19),
(1369, 'dolores non tempore', 2, 5, 275),
(1370, 'maiores at optio', 3, 1, 113),
(1371, 'in assumenda numquam', 5, 2, 261),
(1372, 'est itaque omnis', 1, 5, 418),
(1373, 'consequatur numquam sed', 3, 4, 154),
(1374, 'fuga qui beatae', 5, 1, 94),
(1375, 'ipsa quos provident', 5, 1, 261),
(1376, 'aut pariatur porro', 5, 1, 107),
(1377, 'sit reprehenderit omnis', 2, 3, 430),
(1378, 'consequatur quis odit', 5, 2, 294),
(1379, 'occaecati exercitationem aut', 1, 5, 22),
(1380, 'sit et eos', 1, 2, 183),
(1381, 'quidem ut exercitationem', 5, 3, 173),
(1382, 'aut consequatur velit', 1, 2, 393),
(1383, 'nostrum molestiae amet', 5, 4, 445),
(1384, 'totam autem ea', 3, 1, 310),
(1385, 'esse perspiciatis fuga', 3, 2, 66),
(1386, 'consequatur saepe quia', 4, 5, 7),
(1387, 'omnis atque enim', 2, 5, 179),
(1388, 'dolorum quae hic', 4, 1, 380),
(1389, 'excepturi numquam et', 2, 2, 187),
(1390, 'nihil cumque quibusdam', 4, 1, 37),
(1391, 'molestiae et et', 3, 4, 221),
(1392, 'in numquam in', 5, 2, 275),
(1393, 'placeat reiciendis nemo', 1, 2, 145),
(1394, 'sunt eaque nobis', 4, 5, 215),
(1395, 'minus mollitia beatae', 1, 5, 251),
(1396, 'enim sapiente facilis', 5, 4, 351),
(1397, 'neque neque est', 4, 2, 255),
(1398, 'atque qui rerum', 4, 5, 7),
(1399, 'impedit ut molestiae', 5, 3, 333),
(1400, 'itaque temporibus delectus', 3, 2, 446),
(1401, 'repellat et sapiente', 1, 2, 478),
(1402, 'et veniam autem', 5, 5, 169),
(1403, 'placeat eveniet quia', 4, 1, 406),
(1404, 'facilis aliquid ut', 3, 3, 155),
(1405, 'debitis voluptatum excepturi', 3, 4, 63),
(1406, 'reiciendis cum laborum', 1, 5, 356),
(1407, 'dolorum optio officiis', 2, 1, 267),
(1408, 'ratione quia inventore', 1, 2, 327),
(1409, 'a consequatur a', 4, 3, 497),
(1410, 'quia voluptas itaque', 3, 3, 458),
(1411, 'omnis enim exercitationem', 2, 1, 6),
(1412, 'nulla adipisci voluptatem', 2, 1, 445),
(1413, 'quasi occaecati iusto', 5, 1, 8),
(1414, 'beatae illo sed', 1, 3, 236),
(1415, 'sit qui aliquid', 2, 5, 168),
(1416, 'unde cumque aliquid', 2, 2, 426),
(1417, 'quia est sit', 1, 5, 224),
(1418, 'accusamus ex numquam', 3, 5, 215),
(1419, 'sit non voluptas', 1, 4, 83),
(1420, 'at ea eveniet', 3, 4, 280),
(1421, 'sed aliquam qui', 5, 3, 53),
(1422, 'consectetur aliquid temporibus', 3, 4, 431),
(1423, 'amet ipsa vel', 1, 4, 466),
(1424, 'numquam sint quae', 2, 1, 473),
(1425, 'rerum facere sed', 5, 5, 62),
(1426, 'natus ea unde', 1, 2, 363),
(1427, 'atque velit aut', 5, 1, 312),
(1428, 'delectus et et', 3, 3, 4),
(1429, 'totam quisquam aut', 5, 3, 461),
(1430, 'aut soluta sunt', 4, 3, 447),
(1431, 'explicabo nostrum doloribus', 5, 2, 402),
(1432, 'consequatur at modi', 5, 2, 60),
(1433, 'voluptates fugiat est', 1, 4, 383),
(1434, 'sed voluptas incidunt', 5, 3, 246),
(1435, 'qui officia praesentium', 1, 2, 167),
(1436, 'placeat aliquam provident', 5, 4, 260),
(1437, 'qui asperiores rerum', 5, 5, 155),
(1438, 'in libero illo', 4, 5, 247),
(1439, 'distinctio ad inventore', 5, 4, 243),
(1440, 'nihil aut magnam', 5, 3, 272),
(1441, 'tempora et at', 5, 4, 185),
(1442, 'eius sed laborum', 4, 4, 240),
(1443, 'ut id et', 3, 1, 174),
(1444, 'similique accusamus fugit', 5, 5, 400),
(1445, 'et occaecati exercitationem', 3, 1, 310),
(1446, 'quis odio laborum', 1, 5, 414),
(1447, 'neque maxime quis', 1, 3, 274),
(1448, 'magnam ea sit', 5, 4, 11),
(1449, 'commodi magni voluptatem', 5, 2, 149),
(1450, 'autem dicta exercitationem', 3, 3, 348),
(1451, 'non aliquid accusamus', 5, 1, 243),
(1452, 'nam accusamus ea', 5, 4, 333),
(1453, 'deleniti voluptas quibusdam', 2, 4, 20),
(1454, 'aut itaque ipsa', 2, 4, 239),
(1455, 'aut perspiciatis veritatis', 1, 2, 138),
(1456, 'accusantium et voluptatem', 5, 5, 199),
(1457, 'voluptate velit inventore', 2, 1, 18),
(1458, 'tempore doloribus expedita', 2, 4, 482),
(1459, 'reprehenderit ducimus libero', 4, 5, 140),
(1460, 'commodi ea itaque', 4, 3, 188),
(1461, 'rerum dolores non', 2, 3, 490),
(1462, 'sunt dignissimos non', 5, 4, 158),
(1463, 'labore aut quaerat', 3, 5, 292),
(1464, 'voluptatem ipsa unde', 2, 4, 155),
(1465, 'est veritatis dicta', 5, 1, 189),
(1466, 'sint non vel', 2, 2, 233),
(1467, 'reiciendis excepturi beatae', 4, 5, 421),
(1468, 'natus ut eos', 1, 2, 332),
(1469, 'et quas numquam', 2, 2, 494),
(1470, 'aliquam et iusto', 1, 2, 195),
(1471, 'eos molestias natus', 2, 2, 171),
(1472, 'dolor aliquid autem', 1, 4, 412),
(1473, 'repellat optio sit', 2, 2, 65),
(1474, 'ut consectetur delectus', 3, 1, 317),
(1475, 'sit sapiente ex', 3, 5, 182),
(1476, 'quo aliquid laudantium', 2, 5, 383),
(1477, 'quidem laboriosam aut', 4, 3, 405),
(1478, 'blanditiis sit est', 3, 3, 415),
(1479, 'vero aut veritatis', 1, 2, 5),
(1480, 'distinctio occaecati officiis', 1, 2, 476),
(1481, 'culpa omnis beatae', 5, 1, 75),
(1482, 'ut rerum eum', 1, 3, 299),
(1483, 'numquam quam non', 5, 2, 497),
(1484, 'ipsum recusandae est', 2, 2, 144),
(1485, 'omnis tenetur impedit', 5, 4, 238),
(1486, 'quia quia animi', 5, 2, 260),
(1487, 'a quo rem', 1, 4, 116),
(1488, 'rerum explicabo tempora', 1, 1, 394),
(1489, 'quia ut facilis', 3, 5, 110),
(1490, 'omnis non voluptatibus', 2, 4, 294),
(1491, 'repellat voluptas ea', 3, 2, 110),
(1492, 'aperiam et nisi', 4, 1, 207),
(1493, 'aut voluptatibus nobis', 2, 2, 82),
(1494, 'autem in nobis', 5, 3, 490),
(1495, 'dolorem quo illum', 3, 1, 29),
(1496, 'autem aut cumque', 1, 5, 491),
(1497, 'porro dolorem natus', 5, 4, 302),
(1498, 'alias recusandae quia', 3, 1, 13),
(1499, 'illo aspernatur qui', 2, 3, 87),
(1500, 'qui sed earum', 1, 2, 173),
(1501, 'consequatur voluptatibus illum', 5, 4, 7),
(1502, 'quia et porro', 3, 4, 364),
(1503, 'facere sit ut', 3, 1, 209),
(1504, 'autem tenetur est', 2, 2, 276),
(1505, 'accusamus et placeat', 3, 1, 229),
(1506, 'autem rerum impedit', 2, 4, 430),
(1507, 'hic necessitatibus cum', 1, 2, 321),
(1508, 'error eos id', 2, 5, 334),
(1509, 'culpa a accusamus', 2, 2, 495),
(1510, 'id cupiditate voluptatem', 3, 4, 204),
(1511, 'ullam animi ut', 5, 2, 120),
(1512, 'sunt dolor nostrum', 2, 3, 97),
(1513, 'officiis magni delectus', 1, 1, 3),
(1514, 'hic aspernatur dolores', 4, 5, 197),
(1515, 'vero qui commodi', 5, 5, 93),
(1516, 'est eos rerum', 1, 1, 350),
(1517, 'nihil velit numquam', 5, 4, 228),
(1518, 'labore dicta eligendi', 4, 5, 495),
(1519, 'eligendi deleniti ea', 3, 2, 11),
(1520, 'autem libero et', 1, 2, 289),
(1521, 'corporis adipisci iusto', 5, 5, 17),
(1522, 'asperiores nesciunt laborum', 4, 5, 252),
(1523, 'quis consequatur odio', 3, 4, 201),
(1524, 'fugiat et accusamus', 1, 3, 444),
(1525, 'eius aperiam facere', 5, 3, 285),
(1526, 'autem eligendi impedit', 5, 5, 233),
(1527, 'eaque assumenda dignissimos', 5, 4, 122),
(1528, 'animi dicta aut', 2, 2, 386),
(1529, 'nulla id nobis', 3, 3, 242),
(1530, 'ad earum laborum', 5, 1, 475),
(1531, 'ea doloribus quia', 1, 5, 27),
(1532, 'ab voluptas dolorum', 1, 3, 4),
(1533, 'doloremque vel et', 3, 4, 288),
(1534, 'eos sit dolorem', 2, 5, 5),
(1535, 'sed error non', 1, 5, 306),
(1536, 'suscipit ducimus necessitatibus', 3, 5, 332),
(1537, 'eius numquam incidunt', 1, 1, 287),
(1538, 'velit est sed', 1, 3, 39),
(1539, 'dolore nihil error', 3, 2, 192),
(1540, 'sequi sunt ipsum', 2, 1, 281),
(1541, 'adipisci a quis', 3, 4, 380),
(1542, 'vero dignissimos quam', 3, 5, 193),
(1543, 'quis qui perspiciatis', 1, 2, 37),
(1544, 'doloribus a delectus', 2, 3, 222),
(1545, 'consequuntur laudantium deleniti', 5, 5, 397),
(1546, 'quae vitae est', 1, 1, 429),
(1547, 'et dolorem eos', 1, 5, 337),
(1548, 'ut laborum molestiae', 5, 4, 273),
(1549, 'esse ipsa qui', 3, 4, 20),
(1550, 'veniam perspiciatis cumque', 2, 1, 41),
(1551, 'ex consequuntur voluptatum', 4, 2, 49),
(1552, 'ipsam rerum non', 5, 3, 62),
(1553, 'et omnis perferendis', 4, 5, 321),
(1554, 'fugiat doloribus reiciendis', 2, 4, 322),
(1555, 'odio quis vel', 4, 4, 309),
(1556, 'neque ipsa omnis', 5, 1, 485),
(1557, 'qui rerum totam', 3, 2, 164),
(1558, 'beatae vitae qui', 4, 3, 224),
(1559, 'optio laborum sint', 3, 1, 317),
(1560, 'unde ipsam blanditiis', 4, 2, 444),
(1561, 'placeat exercitationem molestiae', 1, 1, 66),
(1562, 'aliquid aut nisi', 4, 3, 431),
(1563, 'illum at impedit', 2, 2, 485),
(1564, 'sit voluptas et', 2, 2, 427),
(1565, 'eligendi deserunt sunt', 1, 3, 301),
(1566, 'sequi vitae sed', 2, 5, 407),
(1567, 'veniam possimus voluptate', 1, 1, 18),
(1568, 'et incidunt voluptatem', 1, 4, 414),
(1569, 'voluptate pariatur maiores', 2, 3, 465),
(1570, 'ipsam porro et', 3, 4, 1),
(1571, 'voluptates impedit tempore', 2, 3, 147),
(1572, 'praesentium cum iure', 1, 1, 238),
(1573, 'et voluptas et', 1, 4, 77),
(1574, 'porro et dolorem', 5, 5, 215),
(1575, 'rem tempora rerum', 5, 5, 306),
(1576, 'minima numquam laboriosam', 4, 5, 356),
(1577, 'eum voluptas accusantium', 3, 3, 419),
(1578, 'quia provident rerum', 1, 4, 209),
(1579, 'ea sed et', 5, 4, 439),
(1580, 'officiis eos modi', 2, 1, 191),
(1581, 'quis iste quibusdam', 5, 2, 378),
(1582, 'commodi rerum itaque', 5, 3, 239),
(1583, 'molestiae repellendus molestiae', 3, 1, 415),
(1584, 'ipsum omnis voluptas', 2, 5, 155),
(1585, 'sed sunt dignissimos', 4, 2, 373),
(1586, 'qui ut velit', 2, 3, 266),
(1587, 'porro ut excepturi', 5, 1, 413),
(1588, 'quibusdam illum qui', 4, 1, 286),
(1589, 'animi assumenda quia', 1, 5, 394),
(1590, 'iure dignissimos dolore', 5, 1, 460),
(1591, 'eveniet iure quia', 3, 1, 256),
(1592, 'esse doloribus deserunt', 2, 3, 172),
(1593, 'accusamus quas totam', 4, 1, 361),
(1594, 'soluta accusantium culpa', 3, 4, 214),
(1595, 'perferendis odio placeat', 4, 4, 155),
(1596, 'voluptates dolor quo', 4, 5, 418),
(1597, 'saepe voluptates asperiores', 4, 2, 500),
(1598, 'nisi voluptatem impedit', 5, 1, 483),
(1599, 'repellendus quasi magnam', 5, 1, 206),
(1600, 'qui nisi dolor', 2, 1, 329),
(1601, 'amet iure suscipit', 5, 1, 318),
(1602, 'consequuntur placeat natus', 5, 3, 334),
(1603, 'eligendi repellat qui', 3, 4, 90),
(1604, 'adipisci ipsam natus', 2, 3, 160),
(1605, 'et ex dolores', 3, 5, 302),
(1606, 'recusandae cum voluptatibus', 5, 4, 128),
(1607, 'quidem a molestias', 2, 5, 224),
(1608, 'minus nostrum blanditiis', 1, 2, 55),
(1609, 'ea veritatis exercitationem', 3, 3, 309),
(1610, 'et nobis rerum', 2, 5, 141),
(1611, 'velit omnis aut', 1, 5, 144),
(1612, 'ex esse deserunt', 2, 3, 465),
(1613, 'accusantium tenetur ipsum', 1, 5, 342),
(1614, 'et esse ut', 4, 2, 252),
(1615, 'rerum facere et', 1, 3, 189),
(1616, 'aut suscipit atque', 3, 5, 156),
(1617, 'sapiente non nulla', 2, 4, 23),
(1618, 'rerum labore dolorem', 4, 2, 153),
(1619, 'ut quibusdam corporis', 4, 1, 443),
(1620, 'enim doloremque optio', 1, 3, 435),
(1621, 'ut aliquam accusamus', 5, 1, 7),
(1622, 'dolor voluptatum aperiam', 1, 5, 58),
(1623, 'ipsam laboriosam aut', 3, 3, 306),
(1624, 'hic explicabo saepe', 2, 3, 114),
(1625, 'perferendis voluptatem facilis', 4, 5, 7),
(1626, 'magni occaecati enim', 3, 1, 430),
(1627, 'sint est perferendis', 5, 5, 94),
(1628, 'ut ipsa quos', 3, 3, 315),
(1629, 'ex molestiae sapiente', 2, 3, 131),
(1630, 'sed voluptas facere', 3, 5, 345),
(1631, 'id sint sunt', 2, 1, 82),
(1632, 'omnis eos est', 4, 5, 135),
(1633, 'est ratione ducimus', 4, 4, 422),
(1634, 'quae et sunt', 3, 4, 16),
(1635, 'soluta libero esse', 3, 5, 296),
(1636, 'earum deserunt nisi', 3, 5, 2),
(1637, 'et cumque cumque', 2, 4, 2),
(1638, 'et dolore eius', 1, 4, 383),
(1639, 'quia voluptate qui', 2, 2, 452),
(1640, 'nulla perferendis nam', 3, 2, 201),
(1641, 'suscipit omnis magnam', 4, 2, 111),
(1642, 'corrupti esse nam', 5, 1, 398),
(1643, 'quis cum quae', 3, 1, 146),
(1644, 'incidunt ipsa quaerat', 2, 4, 249),
(1645, 'iusto repellendus nemo', 1, 1, 158),
(1646, 'et assumenda et', 1, 2, 320),
(1647, 'iusto minima voluptas', 4, 2, 134),
(1648, 'consequatur sit inventore', 4, 2, 16),
(1649, 'rerum consequatur quo', 5, 1, 369),
(1650, 'sunt voluptatem est', 5, 5, 429),
(1651, 'natus velit distinctio', 5, 2, 473),
(1652, 'quisquam dolorum voluptatem', 1, 2, 435),
(1653, 'et quod voluptate', 3, 4, 78),
(1654, 'mollitia qui expedita', 5, 2, 376),
(1655, 'sit fuga quas', 1, 4, 26),
(1656, 'omnis hic blanditiis', 5, 5, 318),
(1657, 'perferendis magni sit', 2, 2, 69),
(1658, 'similique similique aut', 4, 4, 250),
(1659, 'aut eaque est', 2, 1, 278),
(1660, 'repellendus minus veniam', 2, 5, 87),
(1661, 'ex consequatur sed', 2, 5, 469),
(1662, 'architecto aut ea', 3, 4, 147),
(1663, 'laudantium est sed', 2, 5, 90),
(1664, 'ullam officiis eveniet', 2, 5, 47),
(1665, 'praesentium neque reprehenderit', 3, 2, 62),
(1666, 'vero fugiat a', 1, 5, 163),
(1667, 'nam quia natus', 4, 4, 38),
(1668, 'rem ducimus et', 1, 4, 407),
(1669, 'animi labore possimus', 1, 5, 28),
(1670, 'sapiente enim esse', 3, 5, 214),
(1671, 'non animi aut', 3, 4, 449),
(1672, 'nisi dolor distinctio', 4, 4, 277),
(1673, 'numquam reprehenderit minima', 5, 2, 358),
(1674, 'tenetur veniam praesentium', 5, 5, 88),
(1675, 'impedit et ut', 2, 2, 161),
(1676, 'voluptates sed sunt', 2, 1, 11),
(1677, 'exercitationem tenetur qui', 3, 1, 332),
(1678, 'nulla eligendi quod', 4, 4, 270),
(1679, 'laborum rerum ipsum', 1, 5, 449),
(1680, 'ut enim rerum', 2, 3, 148),
(1681, 'dolor totam quae', 4, 3, 24),
(1682, 'aliquam qui unde', 1, 3, 240),
(1683, 'facere quia consequuntur', 5, 1, 319),
(1684, 'aut voluptas voluptas', 3, 2, 468),
(1685, 'praesentium quos vero', 5, 2, 113),
(1686, 'et eligendi consequatur', 5, 4, 468),
(1687, 'voluptas et architecto', 4, 2, 154),
(1688, 'sed quo et', 2, 3, 279),
(1689, 'suscipit atque accusamus', 4, 1, 187),
(1690, 'voluptas nemo commodi', 4, 4, 431),
(1691, 'quam modi et', 3, 1, 176),
(1692, 'expedita enim iure', 4, 4, 466),
(1693, 'similique aspernatur et', 2, 5, 13),
(1694, 'et nulla eligendi', 3, 3, 400),
(1695, 'rem similique aut', 5, 4, 282),
(1696, 'ipsa at asperiores', 4, 1, 162),
(1697, 'sed quasi error', 4, 3, 463),
(1698, 'ducimus adipisci enim', 3, 1, 64),
(1699, 'velit recusandae sit', 5, 5, 55),
(1700, 'recusandae repellat aspernatur', 5, 2, 222),
(1701, 'vel cumque aut', 5, 3, 235),
(1702, 'velit reprehenderit mollitia', 5, 5, 417),
(1703, 'quam doloremque ipsam', 4, 4, 353),
(1704, 'quisquam ipsam consequuntur', 1, 3, 413),
(1705, 'est at dignissimos', 4, 4, 38),
(1706, 'qui doloremque magnam', 1, 5, 384),
(1707, 'sit amet dolorem', 4, 3, 430),
(1708, 'in cumque eaque', 2, 3, 478),
(1709, 'reiciendis quia voluptatibus', 4, 4, 178),
(1710, 'quae accusamus quas', 2, 2, 219),
(1711, 'iste quia ex', 2, 5, 48),
(1712, 'assumenda enim nisi', 2, 5, 490),
(1713, 'enim eligendi animi', 1, 4, 407),
(1714, 'et non similique', 1, 2, 322),
(1715, 'repellat et eaque', 5, 2, 260),
(1716, 'rerum est veritatis', 2, 1, 416),
(1717, 'fugiat inventore nam', 2, 3, 37),
(1718, 'porro consequatur blanditiis', 3, 3, 379),
(1719, 'totam eos provident', 1, 5, 85),
(1720, 'adipisci ratione veniam', 5, 1, 304),
(1721, 'recusandae quia quos', 2, 4, 347),
(1722, 'sunt voluptates ut', 3, 1, 499),
(1723, 'quam voluptatem explicabo', 3, 3, 451),
(1724, 'sit hic exercitationem', 2, 1, 407),
(1725, 'nihil similique architecto', 5, 5, 468),
(1726, 'iusto voluptatibus praesentium', 3, 1, 490),
(1727, 'voluptatem ipsam error', 3, 4, 403),
(1728, 'rerum omnis molestias', 3, 4, 91),
(1729, 'tenetur doloremque nihil', 2, 2, 292),
(1730, 'necessitatibus architecto quisquam', 3, 1, 133),
(1731, 'reiciendis et est', 4, 1, 371),
(1732, 'non recusandae tempora', 5, 3, 110),
(1733, 'architecto et voluptatem', 3, 4, 146),
(1734, 'explicabo autem nam', 5, 3, 421),
(1735, 'laborum ipsa minus', 1, 5, 50),
(1736, 'ut eum eaque', 5, 5, 217),
(1737, 'doloribus tempora delectus', 3, 5, 189),
(1738, 'autem aperiam eaque', 4, 4, 262),
(1739, 'est tempore rerum', 2, 4, 389),
(1740, 'excepturi id molestiae', 1, 4, 220),
(1741, 'nihil enim incidunt', 3, 1, 337),
(1742, 'unde labore in', 1, 4, 267),
(1743, 'vero officiis dolores', 5, 3, 125),
(1744, 'et blanditiis nihil', 3, 2, 485),
(1745, 'rerum facilis praesentium', 3, 4, 62),
(1746, 'quaerat praesentium ipsam', 4, 5, 288),
(1747, 'inventore recusandae quidem', 4, 3, 398),
(1748, 'eligendi quisquam velit', 1, 2, 479),
(1749, 'officia ut quam', 1, 2, 109),
(1750, 'vitae molestiae porro', 2, 3, 39),
(1751, 'consequuntur maiores ratione', 3, 4, 182),
(1752, 'nostrum beatae autem', 3, 5, 93),
(1753, 'unde quibusdam laudantium', 2, 1, 434),
(1754, 'nihil corrupti sed', 2, 4, 319),
(1755, 'voluptatem illum consequatur', 5, 1, 108),
(1756, 'eaque aut officia', 5, 3, 174),
(1757, 'omnis quis dolores', 1, 1, 360),
(1758, 'molestiae autem placeat', 2, 4, 253),
(1759, 'nisi aut accusantium', 4, 1, 329),
(1760, 'quia non dolores', 3, 2, 260),
(1761, 'iusto ut porro', 5, 1, 330),
(1762, 'laudantium voluptatem voluptatem', 2, 2, 76),
(1763, 'vero omnis et', 4, 1, 15),
(1764, 'laboriosam nisi illo', 5, 5, 398),
(1765, 'error veritatis a', 1, 2, 105),
(1766, 'adipisci eos et', 4, 4, 496),
(1767, 'vel recusandae inventore', 2, 3, 333),
(1768, 'assumenda facilis praesentium', 3, 5, 73),
(1769, 'accusantium enim ex', 3, 5, 396),
(1770, 'sunt ducimus quo', 1, 1, 31),
(1771, 'ullam explicabo enim', 2, 4, 262),
(1772, 'eos necessitatibus doloribus', 2, 5, 237),
(1773, 'inventore ea quis', 4, 4, 378),
(1774, 'et et ea', 1, 5, 407),
(1775, 'pariatur rem consequatur', 3, 2, 477),
(1776, 'et dolorem repellat', 1, 3, 337),
(1777, 'est et amet', 1, 4, 318),
(1778, 'eaque quo alias', 3, 4, 188),
(1779, 'nobis atque dolores', 5, 2, 343),
(1780, 'placeat velit tempora', 2, 2, 254),
(1781, 'cumque autem minus', 3, 1, 14),
(1782, 'et suscipit quos', 1, 4, 217),
(1783, 'porro libero veritatis', 1, 1, 23),
(1784, 'dolore et qui', 1, 2, 276),
(1785, 'veritatis dolorem nulla', 2, 4, 278),
(1786, 'non doloremque dolores', 1, 4, 379),
(1787, 'accusantium et neque', 5, 3, 347),
(1788, 'iure autem saepe', 1, 2, 249),
(1789, 'quia quasi qui', 4, 1, 369),
(1790, 'assumenda labore dolorem', 2, 2, 395),
(1791, 'et voluptatibus sed', 2, 1, 229),
(1792, 'est sapiente consequatur', 5, 2, 273),
(1793, 'commodi dicta odit', 2, 3, 399),
(1794, 'illo consequuntur maiores', 5, 1, 114),
(1795, 'ut laborum deleniti', 3, 2, 496),
(1796, 'delectus numquam maiores', 2, 1, 273),
(1797, 'harum est nisi', 1, 4, 266),
(1798, 'iure voluptates ipsa', 5, 5, 287),
(1799, 'quisquam debitis repellendus', 3, 1, 464),
(1800, 'atque odit quam', 1, 4, 231),
(1801, 'placeat delectus at', 2, 4, 404),
(1802, 'quis vel qui', 3, 3, 382),
(1803, 'in inventore praesentium', 5, 2, 56),
(1804, 'in nostrum rerum', 5, 2, 120),
(1805, 'modi occaecati qui', 3, 5, 445),
(1806, 'et fugiat expedita', 3, 2, 469),
(1807, 'odio tempora rerum', 4, 4, 133),
(1808, 'inventore est est', 1, 4, 160),
(1809, 'laudantium nulla autem', 2, 4, 300),
(1810, 'aut alias nostrum', 4, 5, 93),
(1811, 'aliquam aut quae', 5, 1, 286),
(1812, 'labore deleniti qui', 4, 1, 228),
(1813, 'voluptatem ratione sint', 1, 2, 75),
(1814, 'ullam cum enim', 5, 2, 412),
(1815, 'molestiae deleniti porro', 5, 3, 78),
(1816, 'est dolores cumque', 3, 5, 9),
(1817, 'vero itaque molestias', 3, 4, 384),
(1818, 'saepe tempore voluptatem', 2, 5, 79),
(1819, 'quia minus voluptatem', 2, 1, 129),
(1820, 'fuga aliquam dignissimos', 2, 5, 411),
(1821, 'non quia sint', 1, 2, 333),
(1822, 'voluptate quae aut', 2, 1, 129),
(1823, 'et sint enim', 2, 2, 40),
(1824, 'assumenda ea perspiciatis', 5, 1, 236),
(1825, 'quasi in nesciunt', 1, 5, 417),
(1826, 'rerum necessitatibus exercitationem', 4, 4, 439),
(1827, 'aut voluptates id', 3, 2, 366),
(1828, 'sunt quasi magni', 4, 3, 427),
(1829, 'dolores eius mollitia', 4, 1, 432),
(1830, 'voluptatem cum soluta', 2, 3, 122),
(1831, 'non maxime architecto', 2, 2, 447),
(1832, 'et asperiores eos', 1, 1, 40),
(1833, 'et voluptas voluptas', 4, 4, 306),
(1834, 'maiores nostrum esse', 1, 4, 89),
(1835, 'harum rerum voluptas', 3, 2, 29),
(1836, 'et nulla et', 2, 1, 465),
(1837, 'suscipit facilis commodi', 2, 4, 275),
(1838, 'velit quis sit', 1, 5, 334),
(1839, 'vel aut officia', 4, 5, 281),
(1840, 'vel enim cum', 3, 4, 299),
(1841, 'sed iste provident', 4, 2, 76),
(1842, 'qui iure dignissimos', 1, 3, 361),
(1843, 'esse ea voluptate', 1, 5, 311),
(1844, 'placeat expedita aut', 5, 3, 115),
(1845, 'qui corporis qui', 4, 4, 254),
(1846, 'mollitia sint perspiciatis', 5, 4, 459),
(1847, 'autem unde sed', 1, 2, 143),
(1848, 'eos ipsa recusandae', 3, 3, 111),
(1849, 'quis mollitia quia', 1, 3, 347),
(1850, 'tenetur ea sunt', 1, 3, 478),
(1851, 'temporibus et quae', 2, 1, 180),
(1852, 'sunt dolorem deserunt', 3, 5, 421),
(1853, 'omnis mollitia hic', 2, 2, 400),
(1854, 'officiis repellat temporibus', 2, 3, 100),
(1855, 'ut asperiores exercitationem', 1, 5, 148),
(1856, 'voluptatibus deserunt accusantium', 5, 1, 147),
(1857, 'quasi repudiandae facilis', 4, 3, 158),
(1858, 'voluptatem rerum rem', 3, 4, 461),
(1859, 'minus aspernatur sint', 2, 1, 358),
(1860, 'officiis occaecati accusamus', 2, 4, 72),
(1861, 'officia corporis unde', 5, 2, 79),
(1862, 'est cumque quaerat', 5, 2, 297),
(1863, 'nesciunt earum consequatur', 4, 4, 329),
(1864, 'quis temporibus illo', 1, 5, 268),
(1865, 'dignissimos et velit', 2, 4, 347),
(1866, 'dolor aut optio', 4, 5, 365),
(1867, 'distinctio enim vero', 4, 2, 100),
(1868, 'dolores voluptas quisquam', 1, 1, 50),
(1869, 'optio sequi eligendi', 5, 3, 495),
(1870, 'facere mollitia at', 3, 2, 133),
(1871, 'enim quis quibusdam', 2, 4, 418),
(1872, 'dolorum perferendis vel', 2, 3, 127),
(1873, 'dolorem impedit ab', 3, 1, 386),
(1874, 'quos nisi autem', 1, 4, 53),
(1875, 'alias cumque quo', 1, 5, 467),
(1876, 'illo dicta error', 3, 1, 440),
(1877, 'impedit quod tempore', 3, 5, 101),
(1878, 'deserunt voluptatibus nam', 2, 4, 447),
(1879, 'vel architecto reprehenderit', 4, 1, 146),
(1880, 'tempore quo eum', 1, 1, 447),
(1881, 'eos exercitationem et', 4, 1, 176),
(1882, 'et corrupti dignissimos', 5, 2, 391),
(1883, 'qui autem ut', 3, 5, 359),
(1884, 'occaecati quod consequatur', 2, 4, 377),
(1885, 'ducimus minus voluptatem', 1, 4, 179),
(1886, 'accusamus aut deleniti', 2, 1, 305),
(1887, 'officiis mollitia dolor', 3, 5, 73),
(1888, 'laborum beatae blanditiis', 5, 5, 345),
(1889, 'nemo doloribus animi', 3, 2, 251),
(1890, 'omnis ipsum nobis', 5, 3, 498),
(1891, 'enim incidunt iusto', 5, 1, 418),
(1892, 'aspernatur ullam id', 2, 4, 202),
(1893, 'saepe ea deleniti', 2, 3, 228),
(1894, 'modi fugiat laborum', 5, 2, 298),
(1895, 'culpa maxime incidunt', 3, 3, 157),
(1896, 'eius qui minima', 5, 3, 187),
(1897, 'doloremque est ut', 3, 1, 432),
(1898, 'expedita cum dolor', 3, 1, 413),
(1899, 'dolorem ut fugiat', 3, 4, 483),
(1900, 'repellendus ex sint', 4, 4, 205),
(1901, 'voluptatem eos error', 1, 2, 123),
(1902, 'optio quidem aut', 4, 2, 171),
(1903, 'et nobis eos', 2, 5, 244),
(1904, 'accusamus atque sed', 2, 3, 138),
(1905, 'amet accusamus aut', 2, 1, 284),
(1906, 'veniam exercitationem voluptatem', 5, 1, 419),
(1907, 'fugiat vitae consequuntur', 1, 1, 303),
(1908, 'voluptatibus qui saepe', 3, 2, 100),
(1909, 'sequi iure repudiandae', 4, 2, 380),
(1910, 'quia impedit similique', 2, 1, 64),
(1911, 'doloribus quo quo', 1, 4, 379),
(1912, 'a explicabo ad', 4, 5, 114),
(1913, 'quaerat provident rem', 2, 5, 282),
(1914, 'officiis qui accusamus', 5, 3, 273),
(1915, 'ipsam et sint', 4, 3, 386),
(1916, 'beatae tempore recusandae', 1, 4, 190),
(1917, 'voluptatibus delectus sequi', 2, 5, 287),
(1918, 'ut excepturi sapiente', 3, 3, 68),
(1919, 'sint maiores laudantium', 5, 1, 214),
(1920, 'delectus quasi debitis', 1, 2, 247),
(1921, 'saepe quia molestiae', 5, 3, 56),
(1922, 'voluptate ipsa ex', 3, 2, 267),
(1923, 'aliquam minima officia', 2, 5, 165),
(1924, 'iste et adipisci', 5, 4, 37),
(1925, 'autem facilis quis', 4, 1, 398),
(1926, 'sequi impedit voluptas', 4, 4, 19),
(1927, 'aut odit non', 2, 2, 87),
(1928, 'unde illo nihil', 1, 2, 234),
(1929, 'nisi natus odio', 1, 3, 486),
(1930, 'ut dolores maxime', 5, 3, 144),
(1931, 'beatae odio perferendis', 5, 4, 161),
(1932, 'qui eum quis', 4, 2, 336),
(1933, 'quis culpa sint', 2, 2, 156),
(1934, 'voluptate quia iusto', 2, 4, 493),
(1935, 'laudantium minus itaque', 5, 5, 48),
(1936, 'ea velit voluptas', 2, 2, 371),
(1937, 'nisi nulla porro', 3, 2, 341),
(1938, 'placeat iste cum', 5, 3, 240),
(1939, 'itaque hic blanditiis', 4, 2, 179),
(1940, 'vel molestiae amet', 1, 4, 374),
(1941, 'molestiae eos aut', 5, 5, 276),
(1942, 'pariatur nostrum harum', 1, 3, 174),
(1943, 'praesentium rem quia', 4, 4, 184),
(1944, 'enim sunt itaque', 5, 3, 153),
(1945, 'sed ex voluptatem', 4, 4, 490),
(1946, 'dolor distinctio possimus', 2, 4, 356),
(1947, 'quis itaque magni', 1, 4, 251),
(1948, 'facere iste perferendis', 4, 4, 333),
(1949, 'magni et placeat', 1, 5, 265),
(1950, 'nulla blanditiis fuga', 1, 3, 409),
(1951, 'ipsum accusantium iure', 1, 5, 140),
(1952, 'rerum est dicta', 2, 1, 369),
(1953, 'suscipit tempora alias', 5, 3, 18),
(1954, 'voluptas ea odio', 5, 2, 261),
(1955, 'officiis nostrum tempora', 4, 1, 483),
(1956, 'perspiciatis voluptatem rerum', 2, 2, 271),
(1957, 'velit explicabo quis', 5, 3, 422),
(1958, 'voluptas fugiat illo', 3, 1, 70),
(1959, 'voluptas et placeat', 1, 2, 497),
(1960, 'sint voluptatem omnis', 2, 2, 214),
(1961, 'illo sunt officia', 3, 5, 441),
(1962, 'sed dignissimos quo', 5, 1, 41),
(1963, 'nemo nesciunt libero', 5, 2, 153),
(1964, 'maxime consequuntur autem', 1, 4, 261),
(1965, 'ipsum dolorem odit', 4, 4, 73),
(1966, 'qui provident aperiam', 5, 2, 282),
(1967, 'exercitationem cumque aut', 5, 2, 101),
(1968, 'nisi et dolor', 1, 2, 95),
(1969, 'dicta autem ut', 2, 5, 369),
(1970, 'ut et repudiandae', 5, 3, 150),
(1971, 'illum ut unde', 2, 3, 414),
(1972, 'natus quos quos', 1, 1, 487),
(1973, 'ut numquam voluptates', 3, 3, 475),
(1974, 'dignissimos id earum', 1, 2, 331),
(1975, 'voluptas consequatur cum', 3, 3, 451),
(1976, 'voluptatem dolores voluptatibus', 2, 5, 307),
(1977, 'quibusdam non atque', 5, 3, 192),
(1978, 'sunt amet ducimus', 2, 5, 204),
(1979, 'illum odio consequatur', 5, 3, 126),
(1980, 'qui ea et', 1, 4, 105),
(1981, 'qui asperiores dolor', 4, 2, 12),
(1982, 'voluptas nisi ut', 3, 3, 120),
(1983, 'et illo ipsum', 2, 4, 103),
(1984, 'deserunt est doloremque', 5, 3, 403),
(1985, 'nam et autem', 1, 1, 191),
(1986, 'aspernatur repellendus sed', 2, 2, 181),
(1987, 'expedita itaque fugiat', 5, 5, 181),
(1988, 'rerum ut aspernatur', 3, 3, 101),
(1989, 'aliquid reprehenderit et', 3, 5, 359),
(1990, 'atque commodi itaque', 4, 4, 362),
(1991, 'vel soluta aperiam', 4, 5, 221),
(1992, 'tenetur incidunt sit', 5, 3, 308),
(1993, 'amet libero et', 5, 1, 430),
(1994, 'et dolore odio', 4, 1, 237),
(1995, 'accusamus aspernatur voluptate', 4, 4, 472),
(1996, 'ut et quae', 5, 3, 423),
(1997, 'et vel ea', 1, 4, 33),
(1998, 'voluptas consequatur eos', 3, 2, 45),
(1999, 'dolorem voluptas rerum', 4, 1, 372),
(2000, 'et est sed', 4, 5, 295),
(2001, 'nostrum nam omnis', 5, 2, 351),
(2002, 'corrupti excepturi ut', 1, 4, 149),
(2003, 'aliquid aut in', 4, 1, 490),
(2004, 'voluptates explicabo sint', 1, 1, 233),
(2005, 'vel voluptatibus eum', 3, 3, 260),
(2006, 'debitis optio minima', 3, 1, 357),
(2007, 'dicta voluptatum hic', 1, 1, 174),
(2008, 'odio in labore', 1, 4, 394),
(2009, 'ut nobis est', 4, 5, 45),
(2010, 'et corporis harum', 2, 1, 127),
(2011, 'aperiam molestias ex', 3, 3, 2),
(2012, 'consectetur hic voluptatum', 2, 3, 57),
(2013, 'est voluptas nesciunt', 4, 3, 11),
(2014, 'eum incidunt saepe', 3, 5, 28),
(2015, 'maxime odit nisi', 4, 1, 169),
(2016, 'illo at cumque', 3, 2, 224),
(2017, 'eum temporibus animi', 3, 1, 275),
(2018, 'aut quos voluptatum', 2, 4, 25),
(2019, 'sit pariatur illo', 1, 5, 144),
(2020, 'nam alias nostrum', 2, 1, 292),
(2021, 'et tempore aliquam', 5, 4, 284),
(2022, 'asperiores laborum architecto', 1, 2, 275),
(2023, 'rem possimus qui', 4, 1, 408),
(2024, 'quisquam eius enim', 5, 5, 405),
(2025, 'quaerat voluptatem quia', 2, 4, 317),
(2026, 'tempora optio eaque', 2, 3, 83),
(2027, 'architecto hic reprehenderit', 1, 2, 181),
(2028, 'nemo nobis sit', 3, 5, 161),
(2029, 'magnam libero exercitationem', 3, 3, 159),
(2030, 'quo repudiandae nemo', 2, 4, 110),
(2031, 'porro aut ea', 4, 4, 329),
(2032, 'nobis dolor eligendi', 4, 2, 149),
(2033, 'saepe ullam ratione', 3, 5, 260),
(2034, 'et et necessitatibus', 2, 4, 300),
(2035, 'laborum voluptatem quia', 3, 3, 186),
(2036, 'vel non est', 4, 1, 279),
(2037, 'accusamus atque ratione', 1, 3, 497),
(2038, 'mollitia dicta enim', 2, 5, 264),
(2039, 'iste porro repellat', 4, 4, 412),
(2040, 'est qui est', 2, 3, 350),
(2041, 'officia voluptatem perspiciatis', 2, 1, 49),
(2042, 'vero at nam', 5, 2, 277),
(2043, 'iure praesentium veniam', 5, 3, 164),
(2044, 'at sint illum', 3, 5, 364),
(2045, 'exercitationem maxime porro', 2, 2, 105),
(2046, 'tempore aut eaque', 5, 4, 110),
(2047, 'deleniti assumenda sed', 2, 5, 382),
(2048, 'est delectus aut', 4, 3, 465),
(2049, 'nihil eligendi suscipit', 1, 1, 241),
(2050, 'quasi ex atque', 3, 4, 151),
(2051, 'fuga sit ut', 2, 5, 100),
(2052, 'amet dolor natus', 1, 5, 228),
(2053, 'asperiores error ut', 5, 3, 143),
(2054, 'dolores molestiae non', 2, 5, 87),
(2055, 'consequuntur magnam assumenda', 5, 1, 198),
(2056, 'dolores exercitationem tempore', 4, 5, 219),
(2057, 'odio blanditiis animi', 1, 1, 436),
(2058, 'ut laborum porro', 4, 5, 145),
(2059, 'sint dolor odit', 5, 1, 95),
(2060, 'iste soluta et', 5, 1, 29),
(2061, 'quos est sint', 5, 5, 383),
(2062, 'ipsa velit ex', 2, 1, 388),
(2063, 'eos quis officiis', 5, 3, 404),
(2064, 'consequatur quisquam rerum', 3, 5, 400),
(2065, 'omnis reiciendis at', 3, 4, 431),
(2066, 'nam est at', 1, 5, 53),
(2067, 'et aut eaque', 3, 2, 442),
(2068, 'qui iusto cum', 2, 2, 211),
(2069, 'reprehenderit nobis adipisci', 2, 4, 438),
(2070, 'officiis earum ut', 4, 3, 469),
(2071, 'ullam quibusdam nihil', 2, 3, 45),
(2072, 'vel eum dolores', 4, 3, 134),
(2073, 'at quis magnam', 3, 5, 495),
(2074, 'tempora unde odit', 3, 3, 208),
(2075, 'nesciunt nobis blanditiis', 4, 3, 341),
(2076, 'eveniet libero reiciendis', 5, 5, 345),
(2077, 'eveniet repellat quibusdam', 4, 4, 87),
(2078, 'aut quo in', 4, 3, 109),
(2079, 'hic debitis vel', 3, 5, 32),
(2080, 'quas laboriosam odit', 2, 1, 292),
(2081, 'voluptatem temporibus non', 1, 1, 238),
(2082, 'similique quia occaecati', 5, 1, 291),
(2083, 'quas quia ad', 3, 5, 256),
(2084, 'ex quasi nihil', 5, 2, 329),
(2085, 'et exercitationem ut', 5, 5, 148),
(2086, 'voluptas molestiae maxime', 1, 2, 378),
(2087, 'impedit qui nam', 4, 3, 384),
(2088, 'occaecati dolor nesciunt', 2, 3, 191),
(2089, 'deserunt sint ut', 3, 4, 20),
(2090, 'omnis et id', 2, 5, 22),
(2091, 'magni ipsa aut', 1, 1, 309),
(2092, 'reprehenderit non voluptatibus', 4, 1, 364),
(2093, 'ab sed quod', 2, 4, 29),
(2094, 'quia atque dolor', 2, 1, 321),
(2095, 'ut est est', 3, 1, 63),
(2096, 'nisi aut aut', 5, 5, 458),
(2097, 'et ab eligendi', 1, 2, 142),
(2098, 'accusamus omnis voluptatem', 2, 3, 32),
(2099, 'iure incidunt est', 2, 1, 134),
(2100, 'non eius dolorem', 1, 5, 226),
(2101, 'quia commodi eum', 4, 3, 189),
(2102, 'et nemo aut', 2, 1, 97),
(2103, 'voluptatem optio non', 3, 2, 7),
(2104, 'impedit cupiditate commodi', 1, 3, 421),
(2105, 'nam nam dolor', 5, 5, 246),
(2106, 'nulla ipsa nulla', 5, 5, 280),
(2107, 'blanditiis quo cumque', 4, 5, 174),
(2108, 'harum et quis', 3, 1, 149),
(2109, 'nam non minus', 3, 1, 67),
(2110, 'commodi deleniti quidem', 4, 4, 139),
(2111, 'itaque sit sunt', 2, 3, 375),
(2112, 'tenetur molestias a', 1, 2, 55),
(2113, 'libero eligendi ab', 5, 3, 58),
(2114, 'corporis corporis doloremque', 2, 1, 500),
(2115, 'est qui est', 2, 3, 317),
(2116, 'vel id quibusdam', 4, 1, 78),
(2117, 'qui dignissimos dolore', 4, 5, 263),
(2118, 'sed natus animi', 4, 5, 369),
(2119, 'atque voluptatem quos', 2, 4, 485),
(2120, 'quod ullam hic', 3, 2, 388),
(2121, 'perferendis quisquam dolores', 1, 2, 8),
(2122, 'eveniet ducimus magnam', 3, 5, 441),
(2123, 'aut labore debitis', 5, 2, 321),
(2124, 'nam aperiam ipsam', 1, 1, 91),
(2125, 'temporibus expedita fugit', 4, 2, 320),
(2126, 'qui ex quis', 5, 1, 55),
(2127, 'sapiente voluptatem aut', 3, 1, 205),
(2128, 'esse sunt dolor', 3, 2, 129),
(2129, 'consequatur nihil ea', 4, 5, 368),
(2130, 'ipsam doloribus dignissimos', 3, 5, 336),
(2131, 'voluptatem nam aperiam', 2, 5, 154),
(2132, 'fugit voluptatem qui', 4, 3, 289),
(2133, 'consequatur quo et', 2, 5, 129),
(2134, 'accusamus doloremque nostrum', 5, 5, 365),
(2135, 'reprehenderit ut explicabo', 3, 4, 268),
(2136, 'et dolor amet', 2, 1, 92),
(2137, 'voluptatem totam ipsum', 2, 4, 219),
(2138, 'ut molestias quo', 4, 5, 453),
(2139, 'sapiente facere facere', 4, 3, 250),
(2140, 'velit error eaque', 2, 3, 436),
(2141, 'et impedit ut', 5, 1, 471),
(2142, 'odit molestias numquam', 1, 2, 329),
(2143, 'corrupti deserunt sed', 5, 1, 230),
(2144, 'sint rerum consequatur', 3, 1, 166),
(2145, 'vitae dolore occaecati', 3, 5, 461),
(2146, 'consequatur architecto sit', 5, 4, 209),
(2147, 'reiciendis cupiditate ut', 3, 1, 109),
(2148, 'nihil minus perspiciatis', 5, 1, 204),
(2149, 'et suscipit fuga', 2, 1, 132),
(2150, 'quia nam sapiente', 1, 3, 363),
(2151, 'eius ea sit', 3, 1, 276),
(2152, 'occaecati dolore unde', 1, 4, 252),
(2153, 'nostrum nesciunt saepe', 2, 5, 413),
(2154, 'quas autem sit', 3, 5, 319),
(2155, 'recusandae alias corrupti', 4, 3, 426),
(2156, 'amet qui aliquid', 1, 1, 303),
(2157, 'nihil soluta velit', 3, 2, 141),
(2158, 'repellendus hic aliquid', 4, 4, 98),
(2159, 'vel quia voluptatem', 5, 5, 452),
(2160, 'voluptatibus unde fuga', 3, 1, 139),
(2161, 'quia occaecati ea', 5, 5, 43),
(2162, 'nesciunt corrupti magni', 2, 3, 478),
(2163, 'magnam molestias non', 1, 2, 186),
(2164, 'eos vel cupiditate', 2, 5, 337),
(2165, 'aliquam saepe eos', 1, 4, 375),
(2166, 'enim totam quisquam', 4, 2, 381),
(2167, 'dolorem suscipit et', 2, 1, 268),
(2168, 'impedit harum dolores', 2, 4, 444),
(2169, 'eaque libero maxime', 1, 5, 117),
(2170, 'non earum et', 2, 2, 373),
(2171, 'et quo velit', 3, 2, 287),
(2172, 'quo aut et', 1, 1, 333),
(2173, 'sit nesciunt aspernatur', 2, 4, 439),
(2174, 'qui incidunt ipsum', 1, 4, 475),
(2175, 'quod adipisci corporis', 2, 4, 240),
(2176, 'doloremque quia saepe', 1, 4, 133),
(2177, 'autem aut quia', 1, 3, 30),
(2178, 'blanditiis est provident', 5, 4, 387),
(2179, 'in ab non', 5, 2, 146),
(2180, 'voluptas voluptatum asperiores', 2, 4, 457),
(2181, 'autem nam voluptas', 2, 3, 147),
(2182, 'voluptates voluptatem blanditiis', 5, 4, 493),
(2183, 'omnis et veritatis', 5, 5, 197),
(2184, 'animi nihil quo', 2, 4, 490),
(2185, 'dignissimos dolorum vel', 5, 4, 459),
(2186, 'omnis architecto numquam', 5, 1, 480),
(2187, 'sit cumque rerum', 2, 1, 170),
(2188, 'eius voluptatem ullam', 2, 2, 187),
(2189, 'natus officia excepturi', 5, 1, 82),
(2190, 'et dicta tempore', 1, 3, 428),
(2191, 'laudantium corporis similique', 5, 3, 434),
(2192, 'et ea et', 3, 3, 105),
(2193, 'odit dolorem delectus', 4, 1, 440),
(2194, 'eius sint omnis', 2, 4, 161),
(2195, 'necessitatibus dignissimos sit', 1, 4, 456),
(2196, 'nemo illum accusantium', 5, 4, 459),
(2197, 'fuga nam ut', 2, 4, 364),
(2198, 'dolores fugiat veniam', 1, 4, 62),
(2199, 'libero accusantium et', 1, 3, 449),
(2200, 'quaerat iure qui', 3, 3, 146),
(2201, 'adipisci laborum voluptatum', 2, 5, 219),
(2202, 'adipisci placeat eius', 5, 2, 372),
(2203, 'rerum et perspiciatis', 5, 4, 201),
(2204, 'omnis occaecati ut', 4, 5, 309),
(2205, 'nam ea dolorem', 2, 1, 335),
(2206, 'enim officia dolor', 1, 4, 413),
(2207, 'autem ea consequatur', 3, 2, 490),
(2208, 'inventore autem exercitationem', 5, 5, 69),
(2209, 'sit ex dicta', 3, 5, 198),
(2210, 'non id dicta', 3, 5, 236),
(2211, 'nam fugiat corrupti', 2, 1, 380),
(2212, 'animi architecto fuga', 5, 2, 277),
(2213, 'doloremque consequatur soluta', 4, 1, 41),
(2214, 'non pariatur sapiente', 5, 2, 230),
(2215, 'amet facilis dolorem', 4, 5, 377),
(2216, 'at voluptas quia', 1, 4, 212),
(2217, 'beatae aut culpa', 3, 4, 129),
(2218, 'beatae nobis rerum', 2, 2, 49),
(2219, 'modi magnam omnis', 1, 5, 76),
(2220, 'ea omnis voluptatem', 4, 2, 29),
(2221, 'cumque cupiditate quisquam', 4, 2, 490),
(2222, 'doloremque corporis vitae', 1, 2, 172),
(2223, 'ut voluptas adipisci', 2, 1, 250),
(2224, 'magni rerum corrupti', 3, 1, 170),
(2225, 'occaecati veritatis necessitatibus', 4, 3, 435),
(2226, 'ea illo porro', 3, 3, 179),
(2227, 'perferendis velit ullam', 1, 3, 372),
(2228, 'sint totam minus', 1, 5, 477),
(2229, 'omnis voluptas ad', 2, 4, 139),
(2230, 'nihil qui enim', 1, 1, 480),
(2231, 'doloribus et libero', 5, 3, 154),
(2232, 'molestias inventore id', 5, 3, 68),
(2233, 'est est repellendus', 1, 5, 371),
(2234, 'magni qui atque', 1, 4, 238),
(2235, 'tempora expedita quis', 2, 2, 269),
(2236, 'ducimus autem amet', 2, 3, 456),
(2237, 'dicta dignissimos qui', 4, 3, 101),
(2238, 'corporis mollitia expedita', 3, 2, 424),
(2239, 'rerum dolorem reiciendis', 2, 5, 414),
(2240, 'error voluptatem fugit', 4, 3, 68),
(2241, 'temporibus quasi similique', 1, 1, 460),
(2242, 'expedita voluptatibus voluptatibus', 3, 5, 42),
(2243, 'sit qui non', 2, 4, 268),
(2244, 'occaecati sunt vel', 1, 5, 38),
(2245, 'qui ut et', 3, 1, 366),
(2246, 'in quisquam qui', 5, 2, 381),
(2247, 'voluptatem non deleniti', 4, 3, 280),
(2248, 'ullam placeat est', 5, 5, 401),
(2249, 'possimus molestiae non', 5, 4, 364),
(2250, 'delectus aut consequatur', 2, 2, 312),
(2251, 'architecto qui natus', 2, 5, 232),
(2252, 'architecto consequatur vitae', 5, 5, 66),
(2253, 'non eos unde', 4, 3, 94),
(2254, 'minima tenetur ut', 1, 4, 385),
(2255, 'magnam alias ipsum', 5, 4, 390),
(2256, 'consequuntur est numquam', 4, 5, 306),
(2257, 'maiores architecto facilis', 2, 4, 323),
(2258, 'doloremque non consequuntur', 2, 4, 465),
(2259, 'culpa fugiat non', 2, 5, 105),
(2260, 'alias voluptas ducimus', 3, 5, 157),
(2261, 'aperiam ipsum sed', 1, 4, 497),
(2262, 'ut quos sapiente', 1, 4, 22),
(2263, 'vitae ut voluptatem', 4, 4, 376),
(2264, 'deserunt dolor et', 3, 3, 136),
(2265, 'consequuntur praesentium nemo', 4, 2, 157),
(2266, 'omnis explicabo velit', 2, 3, 58),
(2267, 'quia repudiandae sit', 2, 4, 44),
(2268, 'rerum velit dolorem', 1, 2, 265),
(2269, 'labore et distinctio', 1, 5, 150),
(2270, 'quis et in', 3, 3, 444),
(2271, 'velit atque ut', 1, 1, 279),
(2272, 'enim pariatur qui', 1, 1, 168),
(2273, 'voluptatem beatae ipsam', 4, 3, 361),
(2274, 'asperiores non provident', 3, 3, 156),
(2275, 'sunt consectetur voluptates', 1, 5, 330),
(2276, 'asperiores doloribus vel', 2, 5, 66),
(2277, 'error doloremque facere', 4, 5, 152),
(2278, 'odit autem nihil', 2, 2, 4),
(2279, 'repudiandae neque minima', 3, 2, 91),
(2280, 'placeat fugit molestiae', 2, 1, 381),
(2281, 'optio ea perferendis', 1, 4, 151),
(2282, 'error consectetur natus', 2, 1, 135),
(2283, 'ea esse quo', 5, 2, 225),
(2284, 'fuga voluptates voluptas', 4, 4, 282),
(2285, 'est ut sunt', 5, 1, 376),
(2286, 'esse sed incidunt', 4, 3, 365),
(2287, 'ut vero tempore', 2, 2, 26),
(2288, 'et pariatur ut', 1, 1, 286),
(2289, 'ratione illum perspiciatis', 2, 2, 271),
(2290, 'et magnam aperiam', 3, 4, 6),
(2291, 'molestiae soluta dolorem', 3, 3, 54),
(2292, 'sed laboriosam quibusdam', 2, 4, 31),
(2293, 'voluptatem porro repellendus', 1, 2, 481),
(2294, 'illo ut quasi', 4, 4, 440),
(2295, 'hic porro perferendis', 3, 5, 369),
(2296, 'perferendis maiores et', 2, 2, 75),
(2297, 'nihil quibusdam delectus', 3, 4, 170),
(2298, 'tempore maxime quod', 1, 2, 232),
(2299, 'aut nobis tempore', 5, 5, 166),
(2300, 'voluptatem sit ut', 5, 3, 20),
(2301, 'esse et et', 1, 2, 408),
(2302, 'aliquid nisi atque', 4, 1, 346),
(2303, 'necessitatibus facilis perferendis', 1, 4, 370),
(2304, 'rerum sed mollitia', 4, 5, 250),
(2305, 'voluptatem quidem voluptatum', 4, 4, 473),
(2306, 'libero dignissimos et', 4, 3, 39),
(2307, 'quasi sint dolores', 4, 2, 263),
(2308, 'aut pariatur consequatur', 4, 5, 98),
(2309, 'amet est sit', 3, 2, 476),
(2310, 'omnis delectus accusantium', 3, 5, 326),
(2311, 'sed qui dolorum', 4, 1, 318),
(2312, 'cum itaque voluptatum', 4, 2, 485),
(2313, 'et et sit', 4, 5, 468),
(2314, 'modi molestiae ipsam', 5, 5, 68),
(2315, 'qui odit dolore', 5, 5, 91),
(2316, 'at nihil pariatur', 2, 4, 287),
(2317, 'reprehenderit aliquam architecto', 1, 3, 187),
(2318, 'iusto est eum', 2, 3, 408),
(2319, 'sint voluptatem ut', 5, 2, 492),
(2320, 'porro consequuntur voluptatem', 1, 4, 419),
(2321, 'et repudiandae repellendus', 3, 4, 116),
(2322, 'sunt suscipit qui', 4, 1, 460),
(2323, 'rem delectus tempora', 4, 3, 226),
(2324, 'atque ut laudantium', 3, 1, 90),
(2325, 'quia facere repellat', 5, 2, 310),
(2326, 'distinctio aut dolorum', 5, 1, 366),
(2327, 'repudiandae est culpa', 2, 4, 186),
(2328, 'occaecati quasi ipsa', 2, 2, 325),
(2329, 'dolorem deserunt aliquam', 5, 4, 18),
(2330, 'et consequatur officiis', 2, 1, 71),
(2331, 'molestiae inventore alias', 1, 3, 306),
(2332, 'sit consequatur nisi', 5, 2, 408),
(2333, 'quibusdam nesciunt odit', 2, 1, 351),
(2334, 'in ut fuga', 1, 4, 441),
(2335, 'molestiae deleniti explicabo', 1, 5, 142),
(2336, 'nihil iusto et', 4, 1, 169),
(2337, 'quia pariatur non', 5, 1, 101),
(2338, 'cupiditate tenetur doloremque', 2, 1, 99),
(2339, 'fugiat voluptatem numquam', 1, 5, 452),
(2340, 'ipsum facere aliquam', 3, 4, 209),
(2341, 'optio illum animi', 5, 2, 43),
(2342, 'dolor quos inventore', 2, 2, 178),
(2343, 'dolorum dicta veniam', 5, 5, 204),
(2344, 'officia et qui', 2, 5, 327),
(2345, 'nobis omnis delectus', 1, 3, 279),
(2346, 'dolorem expedita non', 1, 4, 194),
(2347, 'dolore nam ipsam', 5, 1, 63),
(2348, 'alias voluptas facere', 1, 2, 70),
(2349, 'dolor omnis reiciendis', 5, 2, 211),
(2350, 'tempora sed quae', 3, 3, 245),
(2351, 'consequatur inventore magnam', 5, 5, 221),
(2352, 'quaerat voluptas et', 5, 2, 261),
(2353, 'et est quo', 1, 4, 496),
(2354, 'aperiam ea harum', 2, 4, 45),
(2355, 'eius voluptatem exercitationem', 5, 4, 406),
(2356, 'aperiam voluptas quo', 3, 3, 154),
(2357, 'voluptatibus non voluptas', 2, 1, 340),
(2358, 'deleniti voluptas facere', 5, 5, 300),
(2359, 'sed maxime quibusdam', 3, 2, 109),
(2360, 'rem aut consequatur', 3, 1, 303),
(2361, 'sunt odio commodi', 1, 5, 381),
(2362, 'id illum fugiat', 4, 3, 218),
(2363, 'voluptas recusandae voluptatem', 5, 4, 286),
(2364, 'necessitatibus sit dolore', 4, 4, 393),
(2365, 'nihil consequatur modi', 3, 3, 297),
(2366, 'qui unde vel', 3, 1, 170),
(2367, 'voluptatem ut hic', 1, 4, 269),
(2368, 'nihil magni aut', 1, 5, 129),
(2369, 'et alias ipsum', 5, 2, 123),
(2370, 'dolores porro sunt', 2, 4, 185),
(2371, 'perferendis aut nemo', 5, 4, 207),
(2372, 'non quasi corporis', 5, 4, 112),
(2373, 'at similique omnis', 1, 5, 373),
(2374, 'perferendis modi necessitatibus', 1, 5, 372),
(2375, 'debitis aut qui', 4, 3, 77),
(2376, 'cum reprehenderit sit', 3, 5, 400),
(2377, 'cupiditate sunt nesciunt', 5, 4, 124),
(2378, 'ut dignissimos qui', 1, 3, 444),
(2379, 'iure rem aut', 1, 5, 81),
(2380, 'aut itaque consequatur', 5, 5, 276),
(2381, 'tenetur veritatis voluptatem', 3, 3, 42),
(2382, 'reprehenderit at quae', 4, 2, 129),
(2383, 'nisi quia dolore', 4, 1, 41),
(2384, 'qui praesentium nostrum', 5, 2, 494),
(2385, 'est reiciendis sint', 5, 4, 84),
(2386, 'architecto illum sint', 5, 1, 49),
(2387, 'laboriosam quo animi', 4, 5, 176),
(2388, 'totam et aliquid', 5, 2, 493),
(2389, 'aut rem aut', 2, 3, 411),
(2390, 'placeat sed quo', 2, 1, 24),
(2391, 'voluptas eum optio', 5, 5, 62),
(2392, 'doloribus est ratione', 5, 3, 177),
(2393, 'et et quis', 4, 1, 50),
(2394, 'facilis eius doloremque', 1, 4, 91),
(2395, 'voluptate non beatae', 1, 5, 5),
(2396, 'voluptatum voluptate non', 4, 2, 426),
(2397, 'provident aliquid et', 1, 3, 291),
(2398, 'non minima doloremque', 4, 5, 170),
(2399, 'quo voluptas natus', 1, 5, 167),
(2400, 'iure quia dolor', 3, 4, 403),
(2401, 'vel modi rem', 1, 4, 453),
(2402, 'laborum quia corporis', 2, 5, 285),
(2403, 'aspernatur id omnis', 1, 2, 228),
(2404, 'autem dolor illum', 3, 2, 414),
(2405, 'enim est aliquid', 5, 4, 4),
(2406, 'perferendis similique et', 5, 4, 314),
(2407, 'reiciendis sed tempora', 4, 4, 299),
(2408, 'eveniet et iusto', 5, 3, 221),
(2409, 'dolorem dolores nemo', 1, 5, 179),
(2410, 'veritatis voluptatem non', 5, 4, 394),
(2411, 'repellendus beatae et', 2, 4, 436),
(2412, 'quisquam inventore fugit', 1, 4, 106),
(2413, 'dolorem est inventore', 4, 4, 221),
(2414, 'quos distinctio commodi', 1, 1, 363),
(2415, 'dolorem aut consequuntur', 3, 2, 150),
(2416, 'ducimus consequuntur sint', 1, 1, 31),
(2417, 'laboriosam totam maxime', 1, 5, 150),
(2418, 'expedita recusandae eaque', 5, 5, 392),
(2419, 'ea aut doloribus', 4, 2, 220),
(2420, 'eum voluptas aut', 5, 4, 23),
(2421, 'dolor qui enim', 1, 2, 14),
(2422, 'eos exercitationem labore', 3, 5, 165),
(2423, 'non voluptatum voluptatem', 1, 5, 24),
(2424, 'eligendi exercitationem et', 1, 1, 118),
(2425, 'eligendi in necessitatibus', 1, 5, 346),
(2426, 'aut saepe sunt', 1, 3, 43),
(2427, 'perferendis saepe ex', 2, 5, 363),
(2428, 'ut consequuntur voluptate', 1, 5, 92),
(2429, 'voluptate minima sed', 4, 2, 295),
(2430, 'ut et optio', 2, 4, 359),
(2431, 'nesciunt saepe autem', 4, 1, 453),
(2432, 'unde est magni', 5, 2, 483),
(2433, 'velit ipsum aut', 5, 2, 92),
(2434, 'officia aut eius', 2, 2, 216),
(2435, 'qui ea aspernatur', 1, 4, 127),
(2436, 'at eveniet non', 4, 2, 252),
(2437, 'vel vel et', 5, 5, 341),
(2438, 'impedit porro aperiam', 5, 3, 401),
(2439, 'aliquam nam atque', 5, 1, 238),
(2440, 'quasi est similique', 3, 3, 354),
(2441, 'in fuga ea', 2, 5, 171),
(2442, 'sint iste quia', 2, 2, 342),
(2443, 'hic cumque dolores', 5, 5, 363),
(2444, 'iste magni facilis', 2, 1, 436),
(2445, 'vel quia ut', 3, 5, 139),
(2446, 'quas qui assumenda', 3, 3, 481),
(2447, 'magni nobis possimus', 3, 2, 120),
(2448, 'molestiae voluptatem et', 5, 3, 317),
(2449, 'dolorum quidem cum', 1, 3, 458),
(2450, 'rem voluptates quam', 4, 4, 95),
(2451, 'a ut fugiat', 1, 4, 380),
(2452, 'laudantium omnis sunt', 2, 1, 175),
(2453, 'architecto necessitatibus itaque', 3, 4, 123),
(2454, 'exercitationem et vel', 5, 5, 471),
(2455, 'quo aut eius', 2, 1, 6),
(2456, 'in dolorem unde', 2, 2, 135),
(2457, 'id ipsum odit', 4, 4, 389),
(2458, 'eveniet quia labore', 3, 5, 328),
(2459, 'voluptatum ea exercitationem', 3, 4, 156),
(2460, 'quod quaerat qui', 5, 2, 58),
(2461, 'et cumque aperiam', 1, 2, 278),
(2462, 'saepe totam voluptatem', 5, 2, 456),
(2463, 'debitis excepturi architecto', 1, 3, 271),
(2464, 'eum placeat qui', 4, 1, 37),
(2465, 'velit dolor ullam', 2, 5, 453),
(2466, 'eos alias repudiandae', 5, 4, 15),
(2467, 'architecto cum ad', 2, 2, 370),
(2468, 'ut vero occaecati', 3, 4, 213),
(2469, 'est quibusdam id', 1, 2, 256),
(2470, 'iste et dolores', 2, 1, 175),
(2471, 'numquam consequatur voluptatibus', 1, 4, 61),
(2472, 'ut omnis voluptas', 3, 2, 320),
(2473, 'laboriosam numquam eaque', 5, 5, 417),
(2474, 'laborum aut reprehenderit', 4, 3, 438),
(2475, 'et error ea', 1, 1, 147),
(2476, 'maxime officia explicabo', 2, 4, 384),
(2477, 'esse minima nemo', 4, 2, 346),
(2478, 'sapiente asperiores expedita', 2, 4, 326),
(2479, 'recusandae ipsa animi', 3, 4, 297),
(2480, 'laborum adipisci ut', 1, 4, 18),
(2481, 'at nostrum id', 4, 2, 273),
(2482, 'ratione magni voluptatibus', 3, 5, 351),
(2483, 'non minima labore', 1, 2, 311),
(2484, 'vel et corrupti', 4, 4, 355),
(2485, 'ea laborum deserunt', 1, 1, 248),
(2486, 'corrupti cum et', 4, 5, 239),
(2487, 'eligendi magnam aspernatur', 5, 3, 498),
(2488, 'illum eum consequatur', 5, 4, 306),
(2489, 'est aut odio', 3, 3, 430),
(2490, 'ducimus dolorem impedit', 5, 4, 146),
(2491, 'voluptas mollitia rem', 5, 5, 85),
(2492, 'sint qui tenetur', 2, 2, 112),
(2493, 'repudiandae reprehenderit dolor', 1, 3, 21),
(2494, 'nesciunt repellendus blanditiis', 1, 2, 188),
(2495, 'expedita aut rem', 5, 5, 152),
(2496, 'ea amet in', 2, 5, 120),
(2497, 'possimus corporis voluptatem', 1, 1, 10),
(2498, 'a maiores ad', 1, 4, 439),
(2499, 'quas sequi voluptas', 1, 3, 324),
(2500, 'et atque fuga', 1, 5, 170),
(2501, 'consequatur odio vero', 3, 3, 338),
(2502, 'assumenda nihil molestiae', 3, 2, 272),
(2503, 'laborum rerum esse', 4, 2, 274),
(2504, 'exercitationem sapiente modi', 2, 5, 72),
(2505, 'voluptatem temporibus quo', 2, 4, 302),
(2506, 'quisquam est perferendis', 2, 3, 275),
(2507, 'quae repellendus ea', 3, 4, 476),
(2508, 'iusto deleniti culpa', 4, 5, 379),
(2509, 'facilis quaerat voluptatem', 1, 1, 400),
(2510, 'adipisci omnis sint', 3, 4, 380),
(2511, 'aliquam recusandae ipsa', 1, 1, 328),
(2512, 'perferendis quidem voluptatibus', 5, 2, 401),
(2513, 'voluptas in pariatur', 3, 1, 400),
(2514, 'aut cumque ut', 4, 4, 439),
(2515, 'mollitia ex eaque', 2, 2, 140),
(2516, 'veritatis totam debitis', 5, 1, 285),
(2517, 'vel ab sint', 2, 2, 459),
(2518, 'quaerat magnam facere', 4, 1, 284);
INSERT INTO `items` (`id`, `name`, `category_id`, `supplier_id`, `stock`) VALUES
(2519, 'in accusamus laudantium', 5, 5, 489),
(2520, 'praesentium porro ducimus', 5, 2, 194),
(2521, 'molestias qui necessitatibus', 5, 4, 144),
(2522, 'ratione voluptatem recusandae', 5, 2, 449),
(2523, 'ut nesciunt est', 2, 2, 328),
(2524, 'et aspernatur quo', 5, 2, 129),
(2525, 'aut quidem accusamus', 2, 1, 93),
(2526, 'laudantium est hic', 5, 3, 464),
(2527, 'eos aliquid consequatur', 2, 1, 358),
(2528, 'ut quo voluptatem', 5, 4, 268),
(2529, 'aliquam voluptatem cumque', 5, 5, 347),
(2530, 'non aperiam facilis', 4, 3, 315),
(2531, 'autem iste expedita', 2, 3, 420),
(2532, 'tempore sed saepe', 3, 2, 380),
(2533, 'vel sint molestiae', 1, 5, 286),
(2534, 'et molestiae doloribus', 2, 4, 121),
(2535, 'excepturi ut praesentium', 3, 3, 10),
(2536, 'esse et eveniet', 1, 5, 12),
(2537, 'numquam animi minima', 2, 1, 152),
(2538, 'nihil odit in', 4, 3, 141),
(2539, 'qui in qui', 3, 2, 232),
(2540, 'consequatur quam dolor', 1, 4, 153),
(2541, 'beatae sit saepe', 4, 3, 409),
(2542, 'assumenda autem doloribus', 1, 5, 25),
(2543, 'adipisci quis eligendi', 3, 2, 148),
(2544, 'natus eaque iste', 1, 1, 330),
(2545, 'veritatis quibusdam et', 2, 4, 410),
(2546, 'corporis omnis omnis', 4, 3, 444),
(2547, 'eveniet id aspernatur', 2, 2, 127),
(2548, 'ipsam et similique', 4, 5, 186),
(2549, 'vitae deserunt ea', 3, 5, 119),
(2550, 'autem saepe et', 4, 5, 5),
(2551, 'sint dicta vitae', 5, 3, 428),
(2552, 'quae amet quia', 5, 2, 139),
(2553, 'veritatis officia expedita', 3, 2, 60),
(2554, 'pariatur incidunt nobis', 4, 2, 408),
(2555, 'sint itaque architecto', 1, 5, 248),
(2556, 'alias molestiae illum', 2, 3, 1),
(2557, 'minus est ducimus', 3, 2, 265),
(2558, 'unde maxime maiores', 1, 3, 246),
(2559, 'consequatur est ut', 1, 2, 162),
(2560, 'ut quas qui', 5, 3, 356),
(2561, 'aut veniam inventore', 3, 2, 6),
(2562, 'ad inventore rem', 5, 1, 113),
(2563, 'repellat ut consequuntur', 1, 3, 430),
(2564, 'perspiciatis voluptatem id', 2, 4, 30),
(2565, 'ut velit nam', 4, 5, 120),
(2566, 'aut amet sequi', 3, 4, 52),
(2567, 'quo quia non', 4, 1, 354),
(2568, 'aut sint voluptatibus', 5, 5, 362),
(2569, 'necessitatibus eos praesentium', 3, 2, 169),
(2570, 'nihil nihil ut', 1, 3, 91),
(2571, 'consequuntur id repellendus', 3, 5, 259),
(2572, 'dolorem autem totam', 4, 1, 492),
(2573, 'hic et expedita', 1, 2, 131),
(2574, 'ipsum laborum labore', 3, 1, 403),
(2575, 'et ut omnis', 1, 3, 139),
(2576, 'consectetur esse aut', 3, 5, 135),
(2577, 'esse optio ea', 2, 1, 172),
(2578, 'asperiores qui quod', 5, 5, 494),
(2579, 'voluptatem sit quos', 5, 2, 128),
(2580, 'molestiae ut excepturi', 4, 1, 390),
(2581, 'autem et rerum', 1, 5, 477),
(2582, 'natus nihil vitae', 1, 5, 193),
(2583, 'iste facere consequatur', 1, 5, 205),
(2584, 'quibusdam vel eaque', 1, 4, 199),
(2585, 'accusantium voluptatibus accusantium', 1, 2, 413),
(2586, 'architecto ad adipisci', 3, 4, 325),
(2587, 'ducimus saepe corrupti', 3, 2, 265),
(2588, 'et quibusdam sint', 4, 5, 231),
(2589, 'esse minus perspiciatis', 5, 2, 263),
(2590, 'ad quia ipsum', 1, 3, 249),
(2591, 'fugiat voluptatum quo', 5, 3, 329),
(2592, 'fugiat aspernatur dignissimos', 2, 1, 300),
(2593, 'dolores natus excepturi', 4, 4, 49),
(2594, 'doloremque et dolores', 2, 4, 182),
(2595, 'ipsa ut aut', 3, 1, 358),
(2596, 'dolor recusandae laboriosam', 3, 2, 293),
(2597, 'id velit doloremque', 1, 2, 307),
(2598, 'atque accusamus repudiandae', 3, 3, 128),
(2599, 'modi eum dignissimos', 5, 4, 4),
(2600, 'architecto blanditiis voluptate', 5, 5, 273),
(2601, 'corporis fugit in', 4, 4, 160),
(2602, 'libero dolorem pariatur', 4, 4, 444),
(2603, 'libero officia ea', 5, 5, 281),
(2604, 'soluta sit veniam', 1, 5, 422),
(2605, 'quae eius consequatur', 4, 4, 308),
(2606, 'sapiente aspernatur ut', 3, 1, 486),
(2607, 'esse fuga voluptatem', 2, 1, 346),
(2608, 'unde explicabo nihil', 4, 5, 405),
(2609, 'corporis eum nesciunt', 3, 3, 422),
(2610, 'dignissimos laborum ea', 3, 1, 327),
(2611, 'nam esse magni', 5, 3, 147),
(2612, 'et qui ut', 1, 4, 376),
(2613, 'quasi et minus', 3, 1, 499),
(2614, 'perspiciatis voluptas voluptatibus', 1, 2, 413),
(2615, 'voluptas ducimus provident', 2, 1, 418),
(2616, 'est accusamus nam', 5, 1, 6),
(2617, 'itaque rerum alias', 1, 3, 230),
(2618, 'iure similique quos', 4, 5, 115),
(2619, 'ad in sint', 5, 4, 478),
(2620, 'sed veritatis officia', 4, 2, 279),
(2621, 'qui neque consequuntur', 3, 4, 78),
(2622, 'unde quisquam quae', 2, 1, 103),
(2623, 'maxime consequatur voluptatem', 4, 1, 492),
(2624, 'voluptatibus omnis eligendi', 4, 3, 164),
(2625, 'illo doloremque rem', 1, 2, 359),
(2626, 'illo tempore officiis', 5, 3, 321),
(2627, 'repellendus nulla non', 3, 2, 414),
(2628, 'tenetur saepe deleniti', 2, 2, 426),
(2629, 'hic quis debitis', 4, 5, 328),
(2630, 'mollitia possimus aspernatur', 5, 4, 474),
(2631, 'fugit impedit totam', 4, 4, 356),
(2632, 'consectetur et ipsam', 4, 3, 464),
(2633, 'hic maiores maxime', 2, 4, 34),
(2634, 'voluptatibus quas est', 1, 5, 281),
(2635, 'corrupti quo esse', 5, 2, 266),
(2636, 'facere sint magni', 5, 1, 468),
(2637, 'omnis id aliquid', 4, 2, 185),
(2638, 'itaque voluptatem vel', 4, 1, 157),
(2639, 'neque sed quidem', 2, 1, 180),
(2640, 'aut aut molestiae', 5, 4, 324),
(2641, 'dolorem et praesentium', 5, 4, 152),
(2642, 'sit et quisquam', 1, 3, 443),
(2643, 'tempore dolorem voluptatem', 1, 3, 407),
(2644, 'ut mollitia id', 1, 5, 454),
(2645, 'eum quia distinctio', 3, 4, 1),
(2646, 'eligendi debitis voluptas', 2, 4, 163),
(2647, 'sint rem qui', 5, 2, 462),
(2648, 'cum vero ullam', 4, 2, 246),
(2649, 'tempore consequatur ipsa', 4, 4, 152),
(2650, 'aut et explicabo', 4, 2, 440),
(2651, 'dolor velit vel', 3, 3, 253),
(2652, 'rem nemo mollitia', 5, 1, 1),
(2653, 'nisi expedita itaque', 2, 5, 412),
(2654, 'at alias qui', 2, 3, 249),
(2655, 'expedita temporibus dolor', 2, 4, 135),
(2656, 'consequatur temporibus dolores', 5, 4, 421),
(2657, 'voluptatum debitis impedit', 5, 2, 181),
(2658, 'nihil cum nam', 2, 4, 66),
(2659, 'rem quo eligendi', 2, 4, 113),
(2660, 'nostrum quidem et', 4, 5, 291),
(2661, 'non optio laudantium', 3, 5, 467),
(2662, 'vel amet placeat', 3, 3, 277),
(2663, 'earum et quis', 1, 5, 335),
(2664, 'quos molestiae rerum', 4, 5, 208),
(2665, 'repudiandae libero eos', 3, 1, 106),
(2666, 'a quia debitis', 5, 5, 193),
(2667, 'quis voluptatem quia', 3, 1, 191),
(2668, 'molestiae suscipit rerum', 2, 5, 360),
(2669, 'quia facilis omnis', 3, 2, 40),
(2670, 'ratione nobis a', 4, 5, 97),
(2671, 'ipsam et sint', 3, 3, 371),
(2672, 'voluptatem laudantium nihil', 2, 3, 163),
(2673, 'quia quod cupiditate', 2, 1, 241),
(2674, 'dignissimos libero necessitatibus', 1, 3, 440),
(2675, 'id a error', 4, 2, 476),
(2676, 'similique maiores laboriosam', 3, 3, 404),
(2677, 'ipsum deserunt pariatur', 3, 2, 226),
(2678, 'non omnis vero', 3, 5, 320),
(2679, 'ut porro sint', 2, 3, 436),
(2680, 'corrupti in ut', 2, 4, 180),
(2681, 'corrupti sint eaque', 5, 2, 104),
(2682, 'dignissimos at ut', 5, 2, 474),
(2683, 'quibusdam molestiae eligendi', 2, 3, 398),
(2684, 'incidunt et enim', 1, 4, 432),
(2685, 'provident qui labore', 4, 2, 135),
(2686, 'eos qui est', 3, 5, 117),
(2687, 'facere quia odit', 3, 3, 313),
(2688, 'id consequatur magnam', 2, 1, 447),
(2689, 'doloremque ipsum sunt', 2, 2, 471),
(2690, 'et vel ipsum', 5, 1, 205),
(2691, 'id recusandae unde', 4, 3, 16),
(2692, 'dignissimos nam sint', 2, 3, 191),
(2693, 'accusamus officia impedit', 4, 3, 461),
(2694, 'magni saepe vel', 3, 2, 51),
(2695, 'voluptate et aperiam', 1, 4, 227),
(2696, 'quia veritatis ut', 3, 5, 441),
(2697, 'mollitia voluptatem expedita', 4, 4, 35),
(2698, 'dolor qui voluptas', 2, 1, 360),
(2699, 'rerum ut possimus', 5, 4, 326),
(2700, 'atque accusantium aut', 2, 4, 423),
(2701, 'modi cum sequi', 3, 3, 320),
(2702, 'iure ea libero', 2, 4, 495),
(2703, 'impedit rerum ab', 4, 3, 85),
(2704, 'officia vero sunt', 2, 2, 233),
(2705, 'expedita qui qui', 1, 4, 254),
(2706, 'aut sit exercitationem', 1, 5, 117),
(2707, 'corporis deleniti culpa', 4, 5, 493),
(2708, 'reiciendis blanditiis aspernatur', 3, 4, 479),
(2709, 'officiis voluptatum quis', 4, 1, 230),
(2710, 'quod molestias est', 3, 1, 373),
(2711, 'harum beatae sapiente', 5, 2, 37),
(2712, 'natus ad impedit', 1, 4, 409),
(2713, 'id impedit nihil', 4, 3, 387),
(2714, 'praesentium nihil accusamus', 5, 3, 220),
(2715, 'natus quia sapiente', 1, 2, 295),
(2716, 'explicabo veritatis quas', 4, 1, 301),
(2717, 'molestias ex quam', 5, 5, 430),
(2718, 'vel excepturi quos', 5, 1, 427),
(2719, 'et corporis dolores', 1, 2, 213),
(2720, 'nisi magnam corrupti', 2, 2, 140),
(2721, 'dolore exercitationem nostrum', 1, 1, 80),
(2722, 'qui unde alias', 2, 3, 417),
(2723, 'est corporis quia', 1, 5, 160),
(2724, 'laboriosam aut est', 3, 5, 239),
(2725, 'quidem incidunt sunt', 2, 2, 80),
(2726, 'voluptatem velit explicabo', 2, 2, 339),
(2727, 'repudiandae eaque in', 1, 2, 200),
(2728, 'ipsa perferendis iste', 3, 2, 344),
(2729, 'possimus distinctio aut', 2, 2, 65),
(2730, 'aliquam eum reprehenderit', 4, 3, 387),
(2731, 'earum modi consequatur', 3, 1, 315),
(2732, 'ullam voluptatem fuga', 3, 2, 95),
(2733, 'eius quisquam et', 1, 5, 209),
(2734, 'consequatur nihil ut', 5, 2, 50),
(2735, 'qui quam est', 3, 1, 183),
(2736, 'odio ipsa atque', 2, 1, 2),
(2737, 'est aut voluptatem', 4, 2, 102),
(2738, 'iure quam dignissimos', 3, 1, 159),
(2739, 'perspiciatis ducimus tenetur', 5, 4, 241),
(2740, 'et cum qui', 5, 1, 187),
(2741, 'dignissimos suscipit et', 2, 5, 336),
(2742, 'deleniti in sunt', 4, 4, 205),
(2743, 'tempore voluptates exercitationem', 3, 5, 173),
(2744, 'et sint magni', 5, 2, 362),
(2745, 'id ipsum deleniti', 3, 4, 416),
(2746, 'unde praesentium sequi', 1, 2, 180),
(2747, 'et quo ut', 1, 3, 421),
(2748, 'natus vel ut', 2, 3, 306),
(2749, 'harum eum est', 2, 2, 262),
(2750, 'assumenda molestiae eaque', 3, 4, 424),
(2751, 'maiores voluptatem est', 1, 3, 1),
(2752, 'corporis quod aliquam', 5, 5, 312),
(2753, 'cum porro natus', 3, 4, 127),
(2754, 'ut est rerum', 2, 1, 17),
(2755, 'architecto officia rem', 5, 2, 209),
(2756, 'aliquam atque illum', 3, 5, 216),
(2757, 'exercitationem sint doloribus', 1, 1, 320),
(2758, 'nulla sed officia', 5, 1, 313),
(2759, 'corrupti nisi adipisci', 1, 1, 118),
(2760, 'similique commodi unde', 4, 2, 110),
(2761, 'inventore eum molestias', 1, 3, 169),
(2762, 'totam est nisi', 1, 5, 32),
(2763, 'quia consequuntur qui', 5, 3, 296),
(2764, 'consequatur sit ratione', 3, 2, 338),
(2765, 'dolor modi voluptas', 1, 1, 292),
(2766, 'repellendus laudantium enim', 5, 4, 216),
(2767, 'ipsum corrupti eveniet', 3, 4, 460),
(2768, 'animi id mollitia', 3, 5, 350),
(2769, 'distinctio neque odit', 5, 3, 35),
(2770, 'alias aperiam est', 5, 4, 361),
(2771, 'sit maiores porro', 1, 1, 446),
(2772, 'iusto hic non', 5, 2, 386),
(2773, 'et doloremque rerum', 3, 2, 198),
(2774, 'magni rem quis', 4, 3, 399),
(2775, 'qui voluptate excepturi', 3, 2, 244),
(2776, 'qui officia commodi', 4, 1, 146),
(2777, 'aut quibusdam a', 2, 4, 309),
(2778, 'voluptate ratione amet', 4, 3, 130),
(2779, 'est a velit', 3, 2, 166),
(2780, 'quos saepe at', 4, 1, 261),
(2781, 'dolores aliquid eaque', 3, 1, 23),
(2782, 'dolor placeat cumque', 3, 3, 192),
(2783, 'nulla veniam et', 4, 5, 96),
(2784, 'at praesentium modi', 4, 4, 200),
(2785, 'minima similique molestias', 1, 4, 54),
(2786, 'natus odit libero', 4, 1, 93),
(2787, 'officia quia doloremque', 3, 5, 338),
(2788, 'doloribus ut est', 2, 4, 55),
(2789, 'atque reprehenderit vitae', 3, 1, 341),
(2790, 'animi sit vitae', 1, 1, 333),
(2791, 'deleniti voluptatum ab', 3, 5, 251),
(2792, 'aliquid labore cum', 4, 1, 220),
(2793, 'illo placeat qui', 4, 3, 80),
(2794, 'aut corrupti quas', 2, 1, 94),
(2795, 'nemo voluptate dolor', 1, 1, 82),
(2796, 'est dolore ipsam', 2, 2, 439),
(2797, 'exercitationem id quod', 4, 3, 261),
(2798, 'aliquid ut eveniet', 2, 2, 422),
(2799, 'aut consectetur cum', 1, 2, 91),
(2800, 'numquam soluta aut', 2, 3, 311),
(2801, 'pariatur officiis est', 5, 1, 218),
(2802, 'ut impedit voluptatibus', 4, 4, 412),
(2803, 'hic sequi totam', 4, 5, 114),
(2804, 'aliquam dolor aliquam', 3, 5, 425),
(2805, 'voluptate molestiae natus', 4, 5, 437),
(2806, 'voluptatem a eos', 3, 1, 495),
(2807, 'non aliquid corrupti', 2, 3, 368),
(2808, 'sint nulla est', 1, 1, 238),
(2809, 'est id perferendis', 5, 1, 216),
(2810, 'quibusdam totam omnis', 3, 2, 420),
(2811, 'sequi dolores non', 2, 3, 335),
(2812, 'sit sunt odio', 4, 2, 478),
(2813, 'quia voluptas quo', 5, 3, 251),
(2814, 'impedit maiores eveniet', 2, 2, 265),
(2815, 'iure quisquam nam', 5, 1, 93),
(2816, 'officia voluptatem aut', 2, 1, 359),
(2817, 'id error voluptas', 3, 1, 248),
(2818, 'fugiat et officiis', 1, 5, 422),
(2819, 'ipsam possimus temporibus', 3, 2, 122),
(2820, 'consequatur asperiores quo', 3, 1, 349),
(2821, 'sunt ut voluptatem', 5, 2, 122),
(2822, 'illum autem voluptate', 3, 3, 236),
(2823, 'libero molestias cumque', 1, 2, 452),
(2824, 'unde sed incidunt', 5, 4, 104),
(2825, 'aut maiores maxime', 1, 3, 66),
(2826, 'eum labore ducimus', 5, 3, 268),
(2827, 'iste accusantium aut', 3, 4, 231),
(2828, 'sunt ut omnis', 2, 3, 52),
(2829, 'quis deserunt aut', 1, 5, 214),
(2830, 'at aut ut', 5, 2, 112),
(2831, 'qui ullam odit', 3, 3, 472),
(2832, 'dolores enim non', 5, 3, 119),
(2833, 'et soluta laudantium', 3, 1, 275),
(2834, 'harum est reprehenderit', 5, 1, 491),
(2835, 'vero beatae placeat', 3, 5, 290),
(2836, 'fugit reprehenderit magni', 4, 3, 289),
(2837, 'consequatur tenetur expedita', 3, 5, 2),
(2838, 'sed at eos', 3, 2, 285),
(2839, 'fugiat hic corporis', 1, 1, 353),
(2840, 'earum ullam quasi', 2, 4, 28),
(2841, 'voluptas voluptas voluptas', 5, 3, 476),
(2842, 'aut non velit', 5, 4, 199),
(2843, 'sunt ab quos', 3, 3, 177),
(2844, 'ullam sint aperiam', 2, 1, 448),
(2845, 'vero error aspernatur', 1, 3, 132),
(2846, 'fugit id soluta', 1, 5, 273),
(2847, 'atque culpa totam', 1, 4, 372),
(2848, 'consequatur assumenda labore', 1, 2, 341),
(2849, 'earum sed rerum', 4, 4, 342),
(2850, 'consectetur iste culpa', 4, 5, 217),
(2851, 'est natus a', 1, 1, 369),
(2852, 'ut voluptatem et', 5, 1, 87),
(2853, 'dolorem voluptates voluptatem', 5, 5, 242),
(2854, 'sequi est tempore', 1, 2, 365),
(2855, 'veniam sint accusamus', 4, 5, 49),
(2856, 'nam velit occaecati', 1, 3, 471),
(2857, 'rerum rerum ut', 5, 1, 227),
(2858, 'autem libero explicabo', 5, 5, 156),
(2859, 'labore quaerat rerum', 2, 3, 179),
(2860, 'sapiente omnis totam', 2, 4, 394),
(2861, 'possimus aperiam in', 4, 1, 497),
(2862, 'molestiae adipisci impedit', 4, 1, 483),
(2863, 'vitae dolores dolorem', 4, 4, 395),
(2864, 'quasi aut est', 4, 1, 95),
(2865, 'aut sed quos', 4, 1, 139),
(2866, 'porro non commodi', 4, 1, 465),
(2867, 'facilis cumque consequatur', 2, 2, 389),
(2868, 'quia aperiam corrupti', 4, 4, 206),
(2869, 'necessitatibus expedita voluptatem', 2, 5, 499),
(2870, 'libero adipisci cumque', 5, 5, 367),
(2871, 'consequatur ut est', 1, 1, 145),
(2872, 'itaque nam minus', 5, 2, 181),
(2873, 'deleniti saepe sed', 2, 1, 369),
(2874, 'nam dolores quidem', 4, 1, 2),
(2875, 'voluptates autem odit', 1, 3, 179),
(2876, 'culpa laudantium sed', 4, 5, 363),
(2877, 'earum impedit vel', 2, 4, 244),
(2878, 'pariatur enim a', 2, 3, 375),
(2879, 'sunt fugit accusantium', 3, 4, 306),
(2880, 'delectus similique nemo', 4, 5, 226),
(2881, 'totam debitis voluptate', 4, 5, 226),
(2882, 'pariatur est sint', 1, 2, 281),
(2883, 'porro incidunt quia', 2, 2, 21),
(2884, 'laboriosam explicabo iure', 4, 3, 160),
(2885, 'magnam facere sequi', 1, 5, 20),
(2886, 'in impedit cum', 4, 1, 303),
(2887, 'expedita quaerat vero', 3, 3, 56),
(2888, 'itaque aspernatur magni', 3, 2, 86),
(2889, 'animi voluptatem qui', 1, 3, 191),
(2890, 'fuga ut sed', 1, 5, 119),
(2891, 'ipsa sit aperiam', 5, 1, 398),
(2892, 'aut soluta alias', 5, 2, 253),
(2893, 'non non perferendis', 5, 3, 275),
(2894, 'tempore et magni', 1, 1, 465),
(2895, 'earum facere explicabo', 1, 5, 252),
(2896, 'nobis veritatis aperiam', 1, 5, 45),
(2897, 'distinctio harum alias', 4, 5, 319),
(2898, 'veniam amet aspernatur', 2, 5, 48),
(2899, 'eos exercitationem deserunt', 2, 3, 42),
(2900, 'eaque laudantium voluptatem', 2, 2, 83),
(2901, 'maxime quia eveniet', 4, 2, 310),
(2902, 'sed iusto at', 1, 5, 191),
(2903, 'non id cumque', 2, 2, 319),
(2904, 'consectetur qui quis', 2, 5, 313),
(2905, 'reprehenderit ad architecto', 2, 1, 75),
(2906, 'officia culpa eum', 5, 4, 389),
(2907, 'molestiae sit reprehenderit', 4, 1, 151),
(2908, 'consequuntur a voluptatibus', 5, 3, 381),
(2909, 'magnam velit aut', 1, 4, 114),
(2910, 'in nemo at', 4, 3, 276),
(2911, 'distinctio eos quidem', 5, 1, 368),
(2912, 'dignissimos rerum harum', 5, 1, 308),
(2913, 'voluptatem ratione amet', 4, 5, 172),
(2914, 'similique sunt quidem', 1, 1, 159),
(2915, 'necessitatibus fuga voluptatem', 1, 3, 53),
(2916, 'dolores eligendi odit', 4, 5, 393),
(2917, 'non eum temporibus', 3, 2, 64),
(2918, 'hic facere rem', 3, 3, 12),
(2919, 'occaecati ut maxime', 2, 2, 269),
(2920, 'cumque sapiente et', 5, 2, 54),
(2921, 'iste commodi iste', 5, 1, 398),
(2922, 'deleniti commodi id', 2, 1, 355),
(2923, 'similique id facere', 2, 4, 374),
(2924, 'impedit dolores animi', 1, 4, 134),
(2925, 'id ut aut', 3, 3, 74),
(2926, 'cupiditate laboriosam suscipit', 5, 5, 366),
(2927, 'totam excepturi vel', 4, 3, 218),
(2928, 'nihil non omnis', 1, 3, 93),
(2929, 'nulla rem est', 5, 4, 201),
(2930, 'eaque id maiores', 5, 2, 442),
(2931, 'asperiores inventore ex', 4, 4, 375),
(2932, 'dolores expedita aut', 4, 3, 248),
(2933, 'maxime amet rerum', 5, 4, 388),
(2934, 'quod autem ullam', 4, 4, 15),
(2935, 'asperiores dolore porro', 5, 5, 447),
(2936, 'praesentium nobis veniam', 2, 1, 78),
(2937, 'adipisci sint est', 4, 2, 385),
(2938, 'asperiores deserunt dolores', 4, 4, 141),
(2939, 'nihil et cupiditate', 5, 4, 106),
(2940, 'aut quia quia', 3, 5, 66),
(2941, 'facere mollitia doloribus', 2, 3, 366),
(2942, 'aut architecto explicabo', 2, 5, 64),
(2943, 'a a nulla', 3, 3, 221),
(2944, 'culpa dolores est', 3, 1, 84),
(2945, 'tempora delectus et', 5, 5, 194),
(2946, 'quod aut qui', 3, 4, 63),
(2947, 'numquam est aut', 3, 2, 388),
(2948, 'ea odio dolores', 1, 2, 467),
(2949, 'et doloribus ad', 4, 4, 370),
(2950, 'voluptatibus labore et', 3, 2, 108),
(2951, 'at est eum', 3, 1, 358),
(2952, 'mollitia minus repellat', 3, 5, 21),
(2953, 'sequi aspernatur dicta', 5, 5, 434),
(2954, 'ducimus sequi vero', 3, 4, 346),
(2955, 'ipsum et porro', 1, 2, 4),
(2956, 'sint quam hic', 5, 5, 326),
(2957, 'qui aut blanditiis', 2, 5, 188),
(2958, 'et impedit maxime', 4, 5, 429),
(2959, 'eaque enim dolore', 2, 4, 461),
(2960, 'possimus dolorem suscipit', 5, 5, 104),
(2961, 'consequatur enim sed', 4, 2, 6),
(2962, 'ullam quidem nobis', 5, 1, 236),
(2963, 'autem culpa est', 3, 2, 73),
(2964, 'omnis ducimus et', 1, 4, 311),
(2965, 'sit fugit alias', 4, 2, 434),
(2966, 'nostrum amet sequi', 1, 5, 211),
(2967, 'sit cum eligendi', 4, 4, 379),
(2968, 'aut ipsa nihil', 1, 5, 160),
(2969, 'earum ab est', 5, 1, 371),
(2970, 'cum quia eum', 4, 4, 51),
(2971, 'et laudantium perferendis', 3, 3, 2),
(2972, 'animi repellendus est', 5, 1, 20),
(2973, 'facere nesciunt ullam', 3, 5, 135),
(2974, 'exercitationem tenetur autem', 5, 5, 361),
(2975, 'et illo maxime', 4, 1, 50),
(2976, 'at debitis similique', 4, 4, 108),
(2977, 'numquam a consectetur', 5, 3, 147),
(2978, 'eum voluptates facere', 5, 2, 108),
(2979, 'et rerum dolores', 1, 3, 213),
(2980, 'ut magni delectus', 5, 3, 414),
(2981, 'quos cum aliquam', 5, 3, 336),
(2982, 'quidem quam minima', 3, 5, 44),
(2983, 'maxime id occaecati', 3, 5, 343),
(2984, 'veritatis in illo', 4, 1, 243),
(2985, 'aut in doloremque', 4, 2, 211),
(2986, 'suscipit assumenda qui', 2, 2, 328),
(2987, 'natus eligendi officiis', 1, 4, 77),
(2988, 'officiis consectetur quaerat', 2, 3, 96),
(2989, 'totam magnam consequuntur', 2, 3, 435),
(2990, 'earum soluta numquam', 4, 5, 495),
(2991, 'ut velit reprehenderit', 1, 4, 167),
(2992, 'corporis eveniet dolorem', 2, 2, 46),
(2993, 'voluptatibus quia aut', 4, 4, 82),
(2994, 'qui commodi voluptas', 2, 1, 499),
(2995, 'illo eveniet fuga', 4, 2, 67),
(2996, 'fugiat dolor qui', 1, 3, 478),
(2997, 'voluptatum rerum cupiditate', 3, 5, 397),
(2998, 'omnis est officia', 2, 3, 423),
(2999, 'asperiores aspernatur iste', 4, 1, 411),
(3000, 'libero tempora nemo', 3, 5, 303),
(3001, 'dolore voluptas laborum', 5, 3, 461),
(3002, 'voluptates voluptate praesentium', 4, 1, 374),
(3003, 'facere dignissimos non', 5, 1, 50),
(3004, 'aut voluptas cupiditate', 4, 3, 80),
(3005, 'in adipisci et', 3, 5, 106),
(3006, 'Mouse Gaming Rexus', 5, NULL, 30),
(3008, 'Kertas A4 Baru Lagi', NULL, 3, 20);

--
-- Trigger `items`
--
DELIMITER $$
CREATE TRIGGER `CekNamaItemSebelumInsert` BEFORE INSERT ON `items` FOR EACH ROW BEGIN

    IF NEW.name IS NULL OR NEW.name = '' THEN
        SIGNAL SQLSTATE '45000'
        SET MESSAGE_TEXT = 'Nama item tidak boleh kosong.';
    END IF;
END
$$
DELIMITER ;
DELIMITER $$
CREATE TRIGGER `LogPerubahanStok` AFTER UPDATE ON `items` FOR EACH ROW BEGIN

  IF OLD.stock <> NEW.stock THEN
        INSERT INTO stock_log (item_id, action, quantity)
        VALUES (OLD.id, 'UPDATE', NEW.stock - OLD.stock);
    END IF;
END
$$
DELIMITER ;

-- --------------------------------------------------------

--
-- Struktur dari tabel `item_details`
--

CREATE TABLE `item_details` (
  `item_id` int(11) NOT NULL,
  `description` text DEFAULT NULL,
  `warranty_period` int(11) DEFAULT NULL
) ENGINE=InnoDB DEFAULT CHARSET=utf8mb4 COLLATE=utf8mb4_general_ci;

--
-- Dumping data untuk tabel `item_details`
--

INSERT INTO `item_details` (`item_id`, `description`, `warranty_period`) VALUES
(1, 'Laptop untuk kerja kantoran', 24),
(2, 'Printer warna', 12),
(3, 'Pulpen hitam', NULL),
(4, 'Meja kayu jati', NULL),
(5, 'Keyboard wireless', 6);

-- --------------------------------------------------------

--
-- Struktur dari tabel `item_tags`
--

CREATE TABLE `item_tags` (
  `id` int(11) NOT NULL,
  `tag_name` varchar(50) NOT NULL
) ENGINE=InnoDB DEFAULT CHARSET=utf8mb4 COLLATE=utf8mb4_general_ci;

--
-- Dumping data untuk tabel `item_tags`
--

INSERT INTO `item_tags` (`id`, `tag_name`) VALUES
(1, 'Promo'),
(2, 'Best Seller'),
(3, 'Baru'),
(4, 'Best Deal'),
(5, 'Disko Besar');

-- --------------------------------------------------------

--
-- Struktur dari tabel `item_tag_pivot`
--

CREATE TABLE `item_tag_pivot` (
  `item_id` int(11) NOT NULL,
  `tag_id` int(11) NOT NULL
) ENGINE=InnoDB DEFAULT CHARSET=utf8mb4 COLLATE=utf8mb4_general_ci;

--
-- Dumping data untuk tabel `item_tag_pivot`
--

INSERT INTO `item_tag_pivot` (`item_id`, `tag_id`) VALUES
(1, 2),
(2, 1),
(2, 2),
(2, 3),
(4, 2),
(6, 1),
(6, 2),
(6, 3),
(7, 2),
(7, 3),
(10, 2),
(13, 1),
(16, 1),
(16, 2),
(17, 3),
(19, 1),
(23, 1),
(24, 1),
(30, 1),
(31, 2),
(31, 3),
(32, 2),
(34, 1),
(35, 2),
(35, 3),
(37, 3),
(38, 3),
(39, 2),
(39, 3),
(41, 3),
(42, 3),
(45, 3),
(47, 1),
(47, 2),
(48, 2),
(50, 2),
(53, 2),
(56, 1),
(57, 1),
(57, 3),
(59, 2),
(61, 1),
(62, 1),
(65, 3),
(71, 2),
(75, 2),
(83, 1),
(84, 2),
(85, 1),
(87, 2),
(89, 1),
(90, 2),
(94, 2),
(96, 3),
(99, 2),
(100, 1),
(100, 2),
(103, 1),
(103, 3),
(104, 1),
(105, 2),
(107, 1),
(109, 2),
(110, 3),
(111, 3),
(112, 2),
(114, 2),
(127, 3),
(135, 1),
(138, 1),
(140, 3),
(141, 3),
(142, 3),
(143, 3),
(147, 1),
(148, 1),
(152, 1),
(155, 1),
(158, 1),
(163, 3),
(169, 2),
(171, 2),
(175, 3),
(176, 3),
(178, 1),
(181, 2),
(183, 2),
(188, 1),
(188, 3),
(189, 2),
(190, 1),
(190, 2),
(195, 2),
(196, 1),
(197, 1),
(198, 2),
(200, 2),
(205, 3),
(208, 3),
(209, 2),
(212, 1),
(214, 1),
(216, 1),
(216, 3),
(217, 3),
(219, 2),
(221, 3),
(223, 1),
(227, 1),
(229, 2),
(230, 3),
(233, 2),
(234, 2),
(236, 2),
(237, 2),
(238, 3),
(239, 1),
(241, 1),
(247, 3),
(249, 1),
(254, 1),
(254, 2),
(262, 1),
(263, 1),
(263, 3),
(264, 1),
(268, 3),
(273, 1),
(275, 2),
(277, 1),
(279, 1),
(279, 3),
(281, 3),
(284, 1),
(284, 3),
(286, 1),
(286, 3),
(288, 1),
(289, 1),
(293, 2),
(297, 1),
(298, 1),
(299, 3),
(301, 1),
(301, 3),
(304, 2),
(305, 1),
(306, 2),
(307, 3),
(308, 2),
(310, 2),
(311, 1),
(311, 3),
(314, 2),
(317, 1),
(320, 3),
(322, 1),
(324, 1),
(326, 1),
(326, 3),
(327, 3),
(336, 2),
(337, 1),
(337, 2),
(341, 2),
(343, 3),
(346, 2),
(349, 2),
(350, 2),
(352, 2),
(352, 3),
(353, 3),
(354, 1),
(354, 2),
(356, 2),
(357, 2),
(360, 3),
(361, 3),
(362, 2),
(364, 2),
(365, 1),
(366, 1),
(368, 1),
(371, 1),
(371, 2),
(372, 3),
(374, 2),
(375, 1),
(382, 3),
(383, 2),
(385, 2),
(397, 1),
(397, 2),
(401, 2),
(404, 3),
(410, 3),
(412, 1),
(414, 2),
(416, 3),
(418, 3),
(421, 1),
(425, 3),
(426, 1),
(429, 3),
(430, 3),
(435, 3),
(436, 2),
(438, 1),
(439, 1),
(439, 2),
(444, 1),
(447, 1),
(449, 1),
(449, 3),
(451, 2),
(457, 1),
(460, 1),
(460, 2),
(464, 1),
(466, 2),
(469, 2),
(471, 2),
(476, 3),
(481, 1),
(484, 2),
(486, 1),
(487, 3),
(491, 1),
(496, 2),
(499, 2),
(502, 3),
(506, 3),
(507, 1),
(507, 2),
(508, 3),
(512, 3),
(513, 2),
(515, 2),
(515, 3),
(517, 3),
(521, 1),
(522, 2),
(529, 1),
(533, 3),
(536, 2),
(537, 2),
(538, 2),
(539, 3),
(540, 3),
(541, 2),
(541, 3),
(543, 2),
(544, 2),
(544, 3),
(545, 1),
(546, 2),
(547, 3),
(550, 3),
(551, 2),
(553, 2),
(555, 1),
(556, 3),
(557, 2),
(557, 3),
(558, 2),
(559, 3),
(562, 3),
(568, 3),
(569, 2),
(570, 1),
(573, 1),
(574, 2),
(575, 1),
(579, 3),
(581, 1),
(581, 2),
(584, 2),
(585, 3),
(587, 2),
(590, 1),
(591, 1),
(595, 3),
(598, 2),
(602, 2),
(603, 2),
(603, 3),
(612, 2),
(613, 1),
(615, 1),
(616, 1),
(616, 2),
(620, 1),
(621, 2),
(625, 3),
(630, 1),
(630, 3),
(631, 3),
(632, 2),
(634, 2),
(638, 3),
(639, 3),
(640, 2),
(640, 3),
(647, 3),
(650, 1),
(650, 3),
(651, 1),
(652, 1),
(653, 2),
(653, 3),
(658, 1),
(660, 1),
(663, 2),
(664, 1),
(667, 2),
(669, 1),
(669, 3),
(670, 3),
(674, 3),
(676, 2),
(678, 1),
(679, 2),
(681, 3),
(682, 1),
(684, 3),
(685, 1),
(687, 3),
(689, 2),
(695, 2),
(696, 1),
(698, 2),
(699, 1),
(702, 2),
(703, 3),
(704, 2),
(705, 1),
(706, 1),
(707, 3),
(710, 2),
(713, 3),
(715, 2),
(716, 3),
(717, 2),
(718, 2),
(718, 3),
(721, 1),
(721, 2),
(721, 3),
(722, 3),
(723, 1),
(727, 3),
(730, 2),
(731, 2),
(731, 3),
(732, 3),
(733, 1),
(735, 3),
(737, 1),
(738, 3),
(739, 1),
(740, 1),
(742, 1),
(742, 2),
(744, 1),
(745, 2),
(746, 1),
(747, 2),
(747, 3),
(748, 2),
(749, 1),
(749, 2),
(751, 3),
(755, 1),
(756, 2),
(757, 2),
(760, 2),
(760, 3),
(761, 1),
(767, 2),
(768, 2),
(770, 3),
(771, 3),
(772, 1),
(773, 3),
(775, 2),
(779, 3),
(781, 1),
(781, 2),
(781, 3),
(783, 2),
(784, 2),
(786, 3),
(792, 2),
(792, 3),
(793, 3),
(794, 1),
(795, 3),
(796, 1),
(798, 1),
(799, 3),
(801, 3),
(802, 2),
(803, 2),
(803, 3),
(804, 3),
(805, 1),
(807, 2),
(807, 3),
(809, 2),
(810, 2),
(815, 3),
(817, 1),
(817, 3),
(818, 3),
(821, 3),
(826, 3),
(827, 1),
(827, 3),
(828, 2),
(830, 2),
(831, 1),
(835, 3),
(840, 2),
(841, 1),
(847, 3),
(849, 1),
(849, 2),
(850, 1),
(852, 2),
(853, 2),
(855, 1),
(857, 1),
(859, 1),
(861, 1),
(865, 1),
(866, 2),
(867, 2),
(868, 1),
(869, 3),
(870, 3),
(876, 1),
(881, 3),
(884, 1),
(886, 3),
(887, 1),
(891, 2),
(892, 1),
(893, 1),
(894, 2),
(895, 1),
(897, 2),
(900, 3),
(904, 1),
(905, 1),
(914, 3),
(915, 1),
(915, 2),
(919, 2),
(920, 3),
(923, 1),
(924, 2),
(927, 1),
(928, 3),
(929, 1),
(930, 1),
(933, 3),
(934, 2),
(935, 2),
(935, 3),
(938, 1),
(939, 1),
(940, 2),
(941, 1),
(942, 1),
(942, 2),
(943, 1),
(943, 2),
(947, 3),
(951, 3),
(952, 1),
(955, 1),
(959, 1),
(959, 3),
(967, 1),
(968, 2),
(971, 2),
(971, 3),
(974, 2),
(979, 1),
(980, 2),
(981, 3),
(983, 2),
(988, 2),
(992, 1),
(992, 3),
(993, 2),
(994, 2),
(994, 3),
(996, 3),
(997, 3);

-- --------------------------------------------------------

--
-- Struktur dari tabel `jobs`
--

CREATE TABLE `jobs` (
  `id` bigint(20) UNSIGNED NOT NULL,
  `queue` varchar(255) NOT NULL,
  `payload` longtext NOT NULL,
  `attempts` tinyint(3) UNSIGNED NOT NULL,
  `reserved_at` int(10) UNSIGNED DEFAULT NULL,
  `available_at` int(10) UNSIGNED NOT NULL,
  `created_at` int(10) UNSIGNED NOT NULL
) ENGINE=InnoDB DEFAULT CHARSET=utf8mb4 COLLATE=utf8mb4_unicode_ci;

-- --------------------------------------------------------

--
-- Struktur dari tabel `job_batches`
--

CREATE TABLE `job_batches` (
  `id` varchar(255) NOT NULL,
  `name` varchar(255) NOT NULL,
  `total_jobs` int(11) NOT NULL,
  `pending_jobs` int(11) NOT NULL,
  `failed_jobs` int(11) NOT NULL,
  `failed_job_ids` longtext NOT NULL,
  `options` mediumtext DEFAULT NULL,
  `cancelled_at` int(11) DEFAULT NULL,
  `created_at` int(11) NOT NULL,
  `finished_at` int(11) DEFAULT NULL
) ENGINE=InnoDB DEFAULT CHARSET=utf8mb4 COLLATE=utf8mb4_unicode_ci;

-- --------------------------------------------------------

--
-- Struktur dari tabel `migrations`
--

CREATE TABLE `migrations` (
  `id` int(10) UNSIGNED NOT NULL,
  `migration` varchar(255) NOT NULL,
  `batch` int(11) NOT NULL
) ENGINE=InnoDB DEFAULT CHARSET=utf8mb4 COLLATE=utf8mb4_unicode_ci;

--
-- Dumping data untuk tabel `migrations`
--

INSERT INTO `migrations` (`id`, `migration`, `batch`) VALUES
(1, '0001_01_01_000000_create_users_table', 1),
(2, '0001_01_01_000001_create_cache_table', 1),
(3, '0001_01_01_000002_create_jobs_table', 1);

-- --------------------------------------------------------

--
-- Struktur dari tabel `password_reset_tokens`
--

CREATE TABLE `password_reset_tokens` (
  `email` varchar(255) NOT NULL,
  `token` varchar(255) NOT NULL,
  `created_at` timestamp NULL DEFAULT NULL
) ENGINE=InnoDB DEFAULT CHARSET=utf8mb4 COLLATE=utf8mb4_unicode_ci;

-- --------------------------------------------------------

--
-- Struktur dari tabel `sessions`
--

CREATE TABLE `sessions` (
  `id` varchar(255) NOT NULL,
  `user_id` bigint(20) UNSIGNED DEFAULT NULL,
  `ip_address` varchar(45) DEFAULT NULL,
  `user_agent` text DEFAULT NULL,
  `payload` longtext NOT NULL,
  `last_activity` int(11) NOT NULL
) ENGINE=InnoDB DEFAULT CHARSET=utf8mb4 COLLATE=utf8mb4_unicode_ci;

--
-- Dumping data untuk tabel `sessions`
--

INSERT INTO `sessions` (`id`, `user_id`, `ip_address`, `user_agent`, `payload`, `last_activity`) VALUES
('mXd0EnlYlXJI7eVID84OZFHciDSiGq1JOUdgKzLo', NULL, '127.0.0.1', 'Mozilla/5.0 (Windows NT 10.0; Win64; x64) AppleWebKit/537.36 (KHTML, like Gecko) Chrome/138.0.0.0 Safari/537.36', 'YTozOntzOjY6Il90b2tlbiI7czo0MDoicG5ObXBRamc3SEc0U3lxWlJqU3pyMnZDaXNHS09FU2k1dmlpSGZGSCI7czo5OiJfcHJldmlvdXMiO2E6MTp7czozOiJ1cmwiO3M6MzE6Imh0dHA6Ly8xMjcuMC4wLjE6ODAwMC9pdGVtLXRhZ3MiO31zOjY6Il9mbGFzaCI7YToyOntzOjM6Im9sZCI7YTowOnt9czozOiJuZXciO2E6MDp7fX19', 1753450310);

-- --------------------------------------------------------

--
-- Struktur dari tabel `stock_in`
--

CREATE TABLE `stock_in` (
  `id` int(11) NOT NULL,
  `item_id` int(11) DEFAULT NULL,
  `quantity` int(11) DEFAULT NULL,
  `date` date DEFAULT NULL
) ENGINE=InnoDB DEFAULT CHARSET=utf8mb4 COLLATE=utf8mb4_general_ci;

--
-- Dumping data untuk tabel `stock_in`
--

INSERT INTO `stock_in` (`id`, `item_id`, `quantity`, `date`) VALUES
(1, 1, 5, '2025-07-01'),
(2, 2, 3, '2025-07-02'),
(3, 3, 100, '2025-07-03'),
(4, 4, 2, '2025-07-04'),
(5, 5, 10, '2025-07-05'),
(6, 1, 2, NULL),
(7, 1, 1, NULL),
(8, 1, 1, NULL),
(9, 1, 1, '2025-07-25'),
(10, 1, 1, '2025-07-25');

-- --------------------------------------------------------

--
-- Struktur dari tabel `stock_log`
--

CREATE TABLE `stock_log` (
  `id` int(11) NOT NULL,
  `item_id` int(11) DEFAULT NULL,
  `action` varchar(20) DEFAULT NULL,
  `quantity` int(11) DEFAULT NULL,
  `log_date` datetime DEFAULT current_timestamp()
) ENGINE=InnoDB DEFAULT CHARSET=utf8mb4 COLLATE=utf8mb4_general_ci;

--
-- Dumping data untuk tabel `stock_log`
--

INSERT INTO `stock_log` (`id`, `item_id`, `action`, `quantity`, `log_date`) VALUES
(1, 1, 'OUT', 2, '2025-07-16 23:00:02'),
(7, 5, 'UPDATE', 7, '2025-07-16 23:42:06'),
(8, 4, 'UPDATE', 3, '2025-07-16 23:44:37'),
(9, 1, 'UPDATE', 1, '2025-07-25 19:15:08'),
(13, 1, 'UPDATE', -2, '2025-07-25 20:22:00');

-- --------------------------------------------------------

--
-- Struktur dari tabel `stock_out`
--

CREATE TABLE `stock_out` (
  `id` int(11) NOT NULL,
  `item_id` int(11) DEFAULT NULL,
  `quantity` int(11) DEFAULT NULL,
  `date` date DEFAULT NULL
) ENGINE=InnoDB DEFAULT CHARSET=utf8mb4 COLLATE=utf8mb4_general_ci;

--
-- Dumping data untuk tabel `stock_out`
--

INSERT INTO `stock_out` (`id`, `item_id`, `quantity`, `date`) VALUES
(1, 1, 2, '2025-07-10'),
(2, 2, 1, '2025-07-11'),
(3, 3, 50, '2025-07-12'),
(4, 4, 1, '2025-07-13'),
(5, 5, 5, '2025-07-14'),
(6, 1, 2, '2025-07-25');

-- --------------------------------------------------------

--
-- Struktur dari tabel `suppliers`
--

CREATE TABLE `suppliers` (
  `id` int(11) NOT NULL,
  `name` varchar(100) NOT NULL,
  `contact` varchar(100) DEFAULT NULL
) ENGINE=InnoDB DEFAULT CHARSET=utf8mb4 COLLATE=utf8mb4_general_ci;

--
-- Dumping data untuk tabel `suppliers`
--

INSERT INTO `suppliers` (`id`, `name`, `contact`) VALUES
(1, 'PT Elektronik Jaya', '0821-0000-1111'),
(2, 'CV Kantor Maju', '081234567890'),
(3, 'PT ATK Hebat', '085612341234'),
(4, 'CV FurniBagus', '081299887766'),
(5, 'PT Komputama', '08999888777');

-- --------------------------------------------------------

--
-- Struktur dari tabel `transactions`
--

CREATE TABLE `transactions` (
  `id` int(11) NOT NULL,
  `item_id` int(11) NOT NULL,
  `type` enum('IN','OUT') NOT NULL,
  `quantity` int(11) NOT NULL,
  `transaction_date` date NOT NULL
) ENGINE=InnoDB DEFAULT CHARSET=utf8mb4 COLLATE=utf8mb4_general_ci;

-- --------------------------------------------------------

--
-- Struktur dari tabel `users`
--

CREATE TABLE `users` (
  `id` bigint(20) UNSIGNED NOT NULL,
  `name` varchar(255) NOT NULL,
  `email` varchar(255) NOT NULL,
  `email_verified_at` timestamp NULL DEFAULT NULL,
  `password` varchar(255) NOT NULL,
  `remember_token` varchar(100) DEFAULT NULL,
  `created_at` timestamp NULL DEFAULT NULL,
  `updated_at` timestamp NULL DEFAULT NULL
) ENGINE=InnoDB DEFAULT CHARSET=utf8mb4 COLLATE=utf8mb4_unicode_ci;

-- --------------------------------------------------------

--
-- Stand-in struktur untuk tampilan `v_atk_items`
-- (Lihat di bawah untuk tampilan aktual)
--
CREATE TABLE `v_atk_items` (
`id` int(11)
,`name` varchar(100)
,`category_id` int(11)
,`supplier_id` int(11)
,`stock` int(11)
);

-- --------------------------------------------------------

--
-- Struktur dari tabel `v_item_supplier_contact`
--

CREATE TABLE `v_item_supplier_contact` (
  `item_name` varchar(100) DEFAULT NULL,
  `supplier_name` varchar(100) DEFAULT NULL,
  `supplier_contact` varchar(100) DEFAULT NULL
) ENGINE=InnoDB DEFAULT CHARSET=utf8mb4 COLLATE=utf8mb4_general_ci;

-- --------------------------------------------------------

--
-- Struktur untuk view `v_atk_items`
--
DROP TABLE IF EXISTS `v_atk_items`;

CREATE ALGORITHM=UNDEFINED DEFINER=`root`@`localhost` SQL SECURITY DEFINER VIEW `v_atk_items`  AS SELECT `items`.`id` AS `id`, `items`.`name` AS `name`, `items`.`category_id` AS `category_id`, `items`.`supplier_id` AS `supplier_id`, `items`.`stock` AS `stock` FROM `items` WHERE `items`.`category_id` = 3 ;

--
-- Indexes for dumped tables
--

--
-- Indeks untuk tabel `categories`
--
ALTER TABLE `categories`
  ADD PRIMARY KEY (`id`);

--
-- Indeks untuk tabel `items`
--
ALTER TABLE `items`
  ADD PRIMARY KEY (`id`),
  ADD KEY `fk_categories` (`category_id`),
  ADD KEY `fk_items_supplier` (`supplier_id`);

--
-- Indeks untuk tabel `item_details`
--
ALTER TABLE `item_details`
  ADD PRIMARY KEY (`item_id`);

--
-- Indeks untuk tabel `item_tags`
--
ALTER TABLE `item_tags`
  ADD PRIMARY KEY (`id`);

--
-- Indeks untuk tabel `item_tag_pivot`
--
ALTER TABLE `item_tag_pivot`
  ADD KEY `fk_pivot_item` (`item_id`),
  ADD KEY `fk_pivot_tag` (`tag_id`);

--
-- Indeks untuk tabel `stock_in`
--
ALTER TABLE `stock_in`
  ADD PRIMARY KEY (`id`),
  ADD KEY `fk_stockin_item` (`item_id`);

--
-- Indeks untuk tabel `stock_log`
--
ALTER TABLE `stock_log`
  ADD PRIMARY KEY (`id`),
  ADD KEY `fk_stocklog_item` (`item_id`);

--
-- Indeks untuk tabel `stock_out`
--
ALTER TABLE `stock_out`
  ADD PRIMARY KEY (`id`),
  ADD KEY `fk_stockout_item` (`item_id`);

--
-- Indeks untuk tabel `suppliers`
--
ALTER TABLE `suppliers`
  ADD PRIMARY KEY (`id`);

--
-- AUTO_INCREMENT untuk tabel yang dibuang
--

--
-- AUTO_INCREMENT untuk tabel `categories`
--
ALTER TABLE `categories`
  MODIFY `id` int(11) NOT NULL AUTO_INCREMENT, AUTO_INCREMENT=7;

--
-- AUTO_INCREMENT untuk tabel `items`
--
ALTER TABLE `items`
  MODIFY `id` int(11) NOT NULL AUTO_INCREMENT, AUTO_INCREMENT=3009;

--
-- AUTO_INCREMENT untuk tabel `item_details`
--
ALTER TABLE `item_details`
  MODIFY `item_id` int(11) NOT NULL AUTO_INCREMENT, AUTO_INCREMENT=6;

--
-- AUTO_INCREMENT untuk tabel `item_tags`
--
ALTER TABLE `item_tags`
  MODIFY `id` int(11) NOT NULL AUTO_INCREMENT, AUTO_INCREMENT=6;

--
-- AUTO_INCREMENT untuk tabel `stock_in`
--
ALTER TABLE `stock_in`
  MODIFY `id` int(11) NOT NULL AUTO_INCREMENT, AUTO_INCREMENT=11;

--
-- AUTO_INCREMENT untuk tabel `stock_log`
--
ALTER TABLE `stock_log`
  MODIFY `id` int(11) NOT NULL AUTO_INCREMENT, AUTO_INCREMENT=14;

--
-- AUTO_INCREMENT untuk tabel `stock_out`
--
ALTER TABLE `stock_out`
  MODIFY `id` int(11) NOT NULL AUTO_INCREMENT, AUTO_INCREMENT=7;

--
-- AUTO_INCREMENT untuk tabel `suppliers`
--
ALTER TABLE `suppliers`
  MODIFY `id` int(11) NOT NULL AUTO_INCREMENT, AUTO_INCREMENT=21;

--
-- Ketidakleluasaan untuk tabel pelimpahan (Dumped Tables)
--

--
-- Ketidakleluasaan untuk tabel `items`
--
ALTER TABLE `items`
  ADD CONSTRAINT `fk_categories` FOREIGN KEY (`category_id`) REFERENCES `categories` (`id`),
  ADD CONSTRAINT `fk_items_supplier` FOREIGN KEY (`supplier_id`) REFERENCES `suppliers` (`id`) ON DELETE SET NULL ON UPDATE CASCADE;

--
-- Ketidakleluasaan untuk tabel `item_details`
--
ALTER TABLE `item_details`
  ADD CONSTRAINT `fk_item_detail` FOREIGN KEY (`item_id`) REFERENCES `items` (`id`) ON DELETE CASCADE ON UPDATE CASCADE;

--
-- Ketidakleluasaan untuk tabel `item_tag_pivot`
--
ALTER TABLE `item_tag_pivot`
  ADD CONSTRAINT `fk_pivot_item` FOREIGN KEY (`item_id`) REFERENCES `items` (`id`) ON DELETE CASCADE ON UPDATE CASCADE,
  ADD CONSTRAINT `fk_pivot_tag` FOREIGN KEY (`tag_id`) REFERENCES `item_tags` (`id`) ON DELETE CASCADE ON UPDATE CASCADE;

--
-- Ketidakleluasaan untuk tabel `stock_in`
--
ALTER TABLE `stock_in`
  ADD CONSTRAINT `fk_stockin_item` FOREIGN KEY (`item_id`) REFERENCES `items` (`id`) ON DELETE CASCADE ON UPDATE CASCADE;

--
-- Ketidakleluasaan untuk tabel `stock_log`
--
ALTER TABLE `stock_log`
  ADD CONSTRAINT `fk_stocklog_item` FOREIGN KEY (`item_id`) REFERENCES `items` (`id`) ON DELETE CASCADE ON UPDATE CASCADE;

--
-- Ketidakleluasaan untuk tabel `stock_out`
--
ALTER TABLE `stock_out`
  ADD CONSTRAINT `fk_stockout_item` FOREIGN KEY (`item_id`) REFERENCES `items` (`id`) ON DELETE CASCADE ON UPDATE CASCADE;
COMMIT;

/*!40101 SET CHARACTER_SET_CLIENT=@OLD_CHARACTER_SET_CLIENT */;
/*!40101 SET CHARACTER_SET_RESULTS=@OLD_CHARACTER_SET_RESULTS */;
/*!40101 SET COLLATION_CONNECTION=@OLD_COLLATION_CONNECTION */;
